A,X1,X2,Y
cat_0,0.4967141530112327,1.3993554365860021,-0.4855713160146581
cat_0,-0.13826430117118466,0.9246336829127688,-0.06588173254135941
cat_0,0.6476885381006925,0.05963036992017413,-0.7216880301978746
cat_0,1.5230298564080254,-0.6469367777055739,-0.2203522217687951
cat_0,-0.23415337472333597,0.6982233136135899,-1.8472076730647602
cat_0,-0.23413695694918055,0.3934853854217496,0.22922855022019548
cat_0,1.5792128155073915,0.8951932200277323,0.24864607891573662
cat_0,0.7674347291529088,0.6351718016819695,-0.6768279779847028
cat_0,-0.4694743859349521,1.0495527153193351,0.7172535013708433
cat_0,0.5425600435859647,-0.535235211560568,0.9383026208290981
cat_0,-0.46341769281246226,1.3173940656343257,-1.5221622270867878
cat_0,-0.46572975357025687,0.19759960469239965,-0.789537793454
cat_0,0.24196227156603412,2.0752608726252655,-0.5374200353681683
cat_0,-1.913280244657798,-0.6891878180895679,-1.2001499073836013
cat_0,-1.7249178325130328,1.7359638031652493,0.8305794389969701
cat_0,-0.5622875292409727,0.1979107834626478,-0.230263813350636
cat_0,-1.0128311203344238,-0.6514180036144483,-0.430939753705498
cat_0,0.3142473325952739,-0.48388583405432156,-2.0208262145526583
cat_0,-0.9080240755212109,-0.32034730819432017,0.5125808918376733
cat_0,-1.4123037013352915,0.4241659464019164,-1.3380721703468101
cat_0,1.465648768921554,0.5228354880354996,0.2587810559620336
cat_0,-0.22577630048653566,-0.573700003938579,0.19742930751568022
cat_0,0.06752820468792384,-0.02435459226098284,1.3649759570813451
cat_0,-1.4247481862134568,2.1422703586118637,-1.2370681818792715
cat_0,-0.5443827245251827,1.7275431701007113,-2.9011961112632725
cat_0,0.11092258970986608,0.4363236696740321,0.2385741706920847
cat_0,-1.1509935774223028,0.03800347816820029,1.6892121715854433
cat_0,0.37569801834567196,0.1200313267182613,1.2885192874458307
cat_0,-0.600638689918805,0.6135179727304166,0.21094734355578695
cat_0,-0.2916937497932768,-1.0227925651984056,-0.6230848171312156
cat_0,-0.6017066122293969,-0.2573765374233451,0.7212142816720362
cat_0,1.8522781845089378,-1.6685840738775894,-0.9551767886413338
cat_0,-0.013497224737933921,0.39922312260527926,0.5149303591429538
cat_0,-1.0577109289559004,0.647195939702741,0.4644186602413109
cat_0,0.822544912103189,-0.483186462299374,1.0941457524792613
cat_0,-1.2208436499710222,1.5739867632900328,2.794974350242979
cat_0,0.2088635950047554,-1.2257656630023412,0.29072576037900844
cat_0,-1.9596701238797756,-1.4643748802098202,-0.8513681261164583
cat_0,-1.3281860488984305,0.22445181855997204,-0.1359477352258403
cat_0,0.19686123586912352,1.0470983026121545,-1.6446799510409904
cat_0,0.7384665799954104,1.6839276914578687,-0.45247370394373027
cat_0,0.1713682811899705,-0.45888426286894,-0.43803403628100096
cat_0,-0.11564828238824053,1.0786808334312956,-0.427785142830287
cat_0,-0.3011036955892888,-0.03850846950070721,0.11839365552472239
cat_0,-1.4785219903674274,-0.17262729994081963,-0.9875348614130253
cat_0,-0.7198442083947086,0.8836599374866724,1.1374122402336677
cat_0,-0.4606387709597875,0.6523228784134196,0.019375475663560307
cat_0,1.0571222262189157,-1.5763921569842494,-0.0612273142151478
cat_0,0.3436182895684614,1.4765403497258958,-0.14587885258348213
cat_0,-1.763040155362734,1.3800913541474515,0.1168958037374509
cat_0,0.324083969394795,-0.6255627015095294,0.7949503914561613
cat_0,-0.38508228041631654,0.39580353343740904,-0.8660580904087911
cat_0,-0.6769220003059587,0.4940301862827388,-0.6764056704775787
cat_0,0.6116762888408679,0.2606737658239071,-0.21649102331018716
cat_0,1.030999522495951,-0.5503051538454201,-1.2978014866081617
cat_0,0.9312801191161986,-0.6716233679380516,-0.7932921846036831
cat_0,-0.8392175232226385,-0.025554070991445278,-0.5626980329660674
cat_0,-0.3092123758512146,1.1727290192593647,0.9607408450535425
cat_0,0.33126343140356396,0.5436001545944323,0.3500476876017246
cat_0,0.9755451271223592,-0.37061433208610595,0.2540829908711697
cat_0,-0.47917423784528995,0.7716987106483447,0.8801504094482777
cat_0,-0.18565897666381712,-2.8485426206300755,-0.44079194812878597
cat_0,-1.1063349740060282,1.1487657003721035,0.39470792256549714
cat_0,-1.1962066240806708,-1.7397137787780996,-0.3968137932183733
cat_0,0.812525822394198,-0.36244094140313216,0.310370837498735
cat_0,1.356240028570823,-1.1196698946261439,-0.5591016442171142
cat_0,-0.07201012158033385,-1.2946814757209058,-2.5754863180065533
cat_0,1.0035328978920242,1.1608267873785194,0.08215680634075023
cat_0,0.36163602504763415,-0.46770120131189136,1.4121416184735143
cat_0,-0.6451197546051243,0.3465038817307158,0.8963538149541516
cat_0,0.36139560550841393,-0.04692057887918407,0.9968449872540937
cat_0,1.5380365664659692,0.47704082722312147,1.437638461175127
cat_0,-0.03582603910995154,0.07682189106025536,0.09275717615646782
cat_0,1.5646436558140062,-1.2829922241885696,0.22548085056813927
cat_0,-2.6197451040897444,0.99626681944714,-0.7799997238986106
cat_0,0.8219025043752238,-0.4937565831613125,-0.2832582639056586
cat_0,0.08704706823817122,-1.556581898659751,0.46881766672898356
cat_0,-0.29900735046586746,-0.4281151609659125,1.1311721860256383
cat_0,0.0917607765355023,1.5007597906343109,0.019805781035981768
cat_0,-1.9875689146008928,0.8502217421134929,-0.5639239821001516
cat_0,-0.21967188783751193,-0.3486521344078592,-0.05630444336793982
cat_0,0.3571125715117464,-0.3492577043184288,0.6019922356484466
cat_0,1.477894044741516,-0.3216350512173826,-1.3282289167811285
cat_0,-0.5182702182736474,2.076747983560841,-2.140333176608519
cat_0,-0.8084936028931876,0.38193545223155334,-0.593192664557747
cat_0,-0.5017570435845365,0.43004164719106963,-1.2278839655535054
cat_0,0.9154021177020741,1.0302834540318422,-0.3135716404739192
cat_0,0.32875110965968446,0.23878915902651351,-0.09102629194885173
cat_0,-0.5297602037670388,-0.2590421458207031,-0.5321286439817876
cat_0,0.5132674331133561,-0.19634984908497827,1.4841592928735832
cat_0,0.09707754934804039,-0.07160125941406395,0.3292923935957177
cat_0,0.9686449905328892,-0.03722223650984159,0.39361663501313315
cat_0,-0.7020530938773524,0.7276295436369798,0.6247647890193647
cat_0,-0.3276621465977682,0.05194588580729943,-1.166404743859816
cat_0,-0.39210815313215763,0.7326400772155792,1.073164979828611
cat_0,-1.4635149481321186,-0.08071658010858232,-0.23018743935952998
cat_0,0.29612027706457605,0.07863519031609059,0.7079561639792792
cat_0,0.26105527217988933,-1.9982006845321076,-1.2455717742753774
cat_0,0.00511345664246089,0.9163276747024814,-1.46161465288157
cat_0,-0.23458713337514692,0.3464884758979927,0.8290797922773132
cat_0,-1.4153707420504142,0.9980101098596522,0.33467346287844035
cat_0,-0.42064532276535904,-2.8962553781936893,-1.2337416244534152
cat_0,-0.3427145165267695,2.0883747047807275,-0.6950970624492986
cat_0,-0.8022772692216189,-0.13958962815517376,1.03124809467709
cat_0,-0.16128571166600914,1.1081828167375165,-1.0947221823601772
cat_0,0.4040508568145384,-1.0399059271255309,1.579087446224864
cat_0,1.8861859012105302,0.6127739050625697,-0.6507247540205587
cat_0,0.17457781283183896,-1.0534155631736561,0.5505081505742012
cat_0,0.25755039072276437,-0.6237689606958051,-0.3652403327462887
cat_0,-0.07444591576616721,1.9140313538667861,0.787145974892405
cat_0,-1.9187712152990415,-0.19068240076334658,-0.7550593637204315
cat_0,-0.026513875449216878,0.21743287317972287,-0.14370100629924362
cat_0,0.06023020994102644,0.8700677306887542,0.1339489694586992
cat_0,2.463242112485286,0.49568188797260465,-0.7062950557356836
cat_0,-0.19236096478112252,0.15041890514357642,0.7366301394563712
cat_0,0.30154734233361247,0.3649610024662254,-0.44656273199160146
cat_0,-0.03471176970524331,2.403415585238275,0.008270466213284616
cat_0,-1.168678037619532,-0.05761879703358539,-1.116979058073824
cat_0,1.1428228145150205,0.2010990467149675,-2.4279414726723116
cat_0,0.7519330326867741,1.050654396007612,-0.010769019730730411
cat_0,0.7910319470430469,1.1055259329579838,2.602271209613019
cat_0,-0.9093874547947389,1.1870303055603801,0.812368572974588
cat_0,1.4027943109360992,0.6387302220291846,0.18489207356213375
cat_0,-1.4018510627922809,-1.1430049127304835,-0.5173764267605441
cat_0,0.5868570938002703,1.633431532301096,0.24449475542218305
cat_0,2.1904556258099785,-1.146345393018688,0.651530138454339
cat_0,-0.9905363251306883,0.30263546523903323,-1.2496029012980103
cat_0,-0.5662977296027719,-0.7542758500193579,0.9822643367066591
cat_0,0.09965136508764122,-0.06413834659299254,0.7189326172907089
cat_0,-0.5034756541161992,0.3287624103034804,0.7007144013266626
cat_0,-1.5506634310661327,0.32135721545027307,0.3155451172481413
cat_0,0.06856297480602733,0.42192075423528475,0.06866503059812112
cat_0,-1.0623037137261049,1.613711269058647,0.7280019915000742
cat_0,0.4735924306351816,0.45353430151397983,0.6845268069562942
cat_0,-0.9194242342338032,-0.24415663529064868,-0.470398797893469
cat_0,1.5499344050175394,0.9640871682883573,-0.32219961556631127
cat_0,-0.7832532923362371,1.1894704889246406,0.14247801492082704
cat_0,-0.3220615162056756,-1.2276078151369925,1.3940532183609204
cat_0,0.8135172173696698,0.597400069849858,-1.098015346931948
cat_0,-1.2308643164339552,0.7011727423108983,-1.5204944231647457
cat_0,0.22745993460412942,-0.29756350335999193,0.15775048436093048
cat_0,1.307142754282428,1.3757068133116195,0.3191726586154228
cat_0,-1.6074832345612275,-0.15005558703252672,-0.002412217788967247
cat_0,0.1846338585323042,0.12557645347154225,0.2749742291088849
cat_0,0.25988279424842353,-0.1730718242838696,-0.21452115763834972
cat_0,0.7818228717773104,0.015579047581467534,1.56960363053796
cat_0,-1.236950710878082,-1.0962750868952018,-1.834226558253844
cat_0,-1.3204566130842763,-1.4400508825942944,-1.1045477743481031
cat_0,0.5219415656168976,1.5945050632249722,0.10838990273513963
cat_0,0.29698467323318606,-0.8469613483183278,-1.6981864786626815
cat_0,0.25049285034587654,-0.9913923494563072,-0.24994435434311424
cat_0,0.3464482094969757,-2.153390113603715,1.4807759753173442
cat_0,-0.6800247215784908,-0.6389617476895022,-0.11101215863083752
cat_0,0.23225369716100355,-1.3230897934074983,0.121617296094034
cat_0,0.29307247329868125,1.642015160136369,-1.0666560018290752
cat_0,-0.7143514180263678,1.0098170893426341,-0.5868148409078509
cat_0,1.8657745111447566,-0.6881503451777238,-0.2574339637272337
cat_0,0.4738329209117875,2.2524358053443088,-0.04508822413062441
cat_0,-1.1913034972026486,0.9817654869915943,1.2606899939826632
cat_0,0.6565536086338297,-0.32483138350862245,0.5908632832376453
cat_0,-0.9746816702273214,-2.499405714873573,-1.4588666954471214
cat_0,0.787084603742452,2.2909425725907417,0.5543074960653243
cat_0,1.158595579007404,-1.389572466763596,0.47512405972116595
cat_0,-0.8206823183517105,-1.6453987469568918,0.8935409319904062
cat_0,0.9633761292443218,1.0225704320096403,1.7791353426937697
cat_0,0.4127809269364983,2.439752406339273,-0.7298408585002916
cat_0,0.82206015999449,1.3842728185105182,-0.5902242133598374
cat_0,1.8967929826539474,0.5639091200523596,-1.0115076486439856
cat_0,-0.2453881160028705,0.594754341665286,-0.1990832365407398
cat_0,-0.7537361643574896,0.8534155587803077,0.4763263138886163
cat_0,-0.8895144296255233,0.7589285897867651,0.974275932605226
cat_0,-0.8158102849654383,0.2811914239693758,-0.12941290974212902
cat_0,-0.0771017094141042,0.10420110395187607,-0.31713758380106677
cat_0,0.3411519748166439,-0.06259312789952241,0.17961387694045253
cat_0,0.27669079933001905,-0.7539645888666763,-0.8828702805836888
cat_0,0.8271832490360238,-0.28067507686677406,2.1441895389116983
cat_0,0.01300189187790702,-1.6929568141953855,-1.7756565193498066
cat_0,1.4535340771573169,-0.09833962679474989,0.32026002393198116
cat_0,-0.2646568332379561,-0.9885911071509175,1.898281425190752
cat_0,2.720169166589619,-1.103589317215771,0.16845782949738256
cat_0,0.6256673477650062,0.17989415115347845,-0.10948288510964599
cat_0,-0.8571575564162826,1.3920022863445993,-0.30396094981759547
cat_0,-1.0708924980611123,0.918316606002313,-0.19564927096828777
cat_0,0.4824724152431853,-1.570500603623177,1.264045655838531
cat_0,-0.2234627853258509,-0.9896281365703375,-2.3331710035191255
cat_0,0.714000494092092,0.9407711879882159,1.6989108695043562
cat_0,0.47323762457354485,-0.9824873935383096,-1.4748821293466217
cat_0,-0.07282891265687277,-0.2246331499970246,-0.29639853549980455
cat_0,-0.846793718068405,0.5500520990245519,-0.45891858220304715
cat_0,-1.5148472246858646,-0.9683444548636353,0.34023410181576974
cat_0,-0.4465149520670211,0.1053755061459599,-1.6322382964758537
cat_0,0.8563987943234723,-1.3340254949182044,0.41440999602246964
cat_0,0.21409374413020396,-0.6013676439512137,1.9855822333047515
cat_0,-1.245738778711988,0.31978193414253697,-1.4557696890497556
cat_0,0.173180925851182,-1.5929937335316693,0.047724886842346936
cat_0,0.3853173797288368,0.440474737960399,-0.5794029660276855
cat_0,-0.883857436201133,-0.019637798926681216,0.33553768268025436
cat_0,0.1537251059455279,0.5524899544171478,0.08976928345201964
cat_0,0.058208718445999896,0.22391413406466143,-0.6132746237932435
cat_0,-1.142970297830623,1.3641404299738442,0.5099892980853961
cat_0,0.3577873603482833,0.12522450264790727,1.852649296086362
cat_0,0.5607845263682344,-0.429405541125253,-0.17776589320300054
cat_0,1.083051243175277,0.12229750303228377,0.840292816768938
cat_0,1.053802052034903,0.5432980290363879,-1.1335629497640345
cat_0,-1.377669367957091,0.04886007032570433,-1.0893173065811474
cat_0,-0.9378250399151228,0.04059169120388238,0.3826829430092533
cat_0,0.5150352672086598,-0.7019916878067554,1.4654203864761552
cat_0,0.5137859509122088,-0.6629009175509482,0.34070185212178605
cat_0,0.5150476863060479,-1.4026052717996935,-0.4018137890725189
cat_0,3.852731490654721,1.7495767431869393,0.5595222288075201
cat_0,0.570890510693167,-1.243863235391285,-1.3177050064395293
cat_0,1.135565640180599,-0.6929051977959073,0.6487813705938359
cat_0,0.9540017634932023,-0.7184072655691974,0.9058925121158097
cat_0,0.651391251305798,0.8949243769444413,-0.29745877000805643
cat_0,-0.3152692446403456,-0.2949496782920278,-0.5310640400527389
cat_0,0.7589692204932674,1.2477420726737338,0.4665493589687486
cat_0,-0.7728252145375718,-0.6734906242438685,-0.5813513199187396
cat_0,-0.23681860674000887,0.27899416222380197,-0.061915059077443144
cat_0,-0.48536354782910346,-0.8353470532597573,1.9676507290576293
cat_0,0.08187413938632256,2.1451491277733883,-0.024323374030025574
cat_0,2.3146585666735087,-1.1875984190295128,-0.24563413725682265
cat_0,-1.867265192591748,0.3098207102270275,-0.8032862538716312
cat_0,0.6862601903745135,0.6337768809320985,0.876195678630598
cat_0,-1.6127158711896517,0.41379909745149823,-0.30111585059191837
cat_0,-0.47193186578943347,-0.1852876588777083,-0.7150949907881402
cat_0,1.088950596967366,-0.12982069973342616,1.417217021996406
cat_0,0.06428001909546277,0.0438114719791096,1.4304121536210945
cat_0,-1.0777447779293061,-0.14700200162848862,-0.7228982436944846
cat_0,-0.7153037092599682,0.9638791167949097,-1.8416824106071221
cat_0,0.6795977489346758,2.2105230015913513,1.296525764889525
cat_0,-0.7303666317171367,-0.5574917850078336,-0.813415667432501
cat_0,0.21645858958197486,-1.3698029795790778,0.6752911601630583
cat_0,0.045571839903813784,-0.08828204835125482,-1.9743748385565796
cat_0,-0.6516003476058171,2.5797093376543185,1.0854082373041594
cat_0,2.1439440893253257,-0.8036745679697308,-1.0771449771452217
cat_0,0.6339190223180112,1.6391168054440675,0.9580677018427324
cat_0,-2.025142586657607,1.6777008140764407,-0.020471109421682548
cat_0,0.18645431476942764,-0.5535882417079946,-0.9906528120905015
cat_0,-0.661786464768388,0.5689830791852754,-0.4163166514850918
cat_0,0.852433334796224,1.628396623128538,0.9344014527491771
cat_0,-0.7925207384327007,-0.3791277409874871,-0.011270394826784547
cat_0,-0.11473644146689901,-0.20358036010236177,0.5525813003155582
cat_0,0.5049872789804571,-0.5816809139486437,1.968771221018667
cat_0,0.8657551941701215,-1.0147567306928669,-1.579141765363326
cat_0,-1.2002964070557762,-0.6492775450660071,1.4322551797564456
cat_0,-0.3345012358409484,-1.2239402667622565,-0.051488212737107575
cat_0,-0.4749453111609562,0.03408346825922607,-0.9428702326133012
cat_0,-0.6533292325737119,-0.7699732310586418,-1.4726438721022252
cat_0,1.7654542402810969,0.2337859117907477,0.010803624430150954
cat_0,0.40498171096095553,-1.5558956462036273,0.8065587184001921
cat_0,-1.2608839543350452,0.33088023221445706,-0.22054949258959303
cat_0,0.9178619470547761,0.8335289616089246,1.6862940211137176
cat_0,2.1221561970126332,-1.9937356425714554,-1.4383336346074411
cat_0,1.0324652605511468,0.37405656984757213,0.12856323519381738
cat_0,-1.5193699659540134,1.2276689924732922,-1.2815635417611912
cat_0,-0.48423407286625136,-1.2096410186912054,0.1942443734692222
cat_0,1.2669111491866227,1.6725723868377034,1.180835743699733
cat_0,-0.7076694656187807,0.4190190093660452,-0.44962683930632685
cat_0,0.44381942814622843,-0.7050118557584089,-2.6303330993883525
cat_0,0.7746340534293368,-0.05576907765770601,0.2708346443736576
cat_0,-0.926930471578083,0.5583269125217224,0.39987819582787343
cat_0,-0.05952535606180008,0.0760053914124115,0.40594275849675876
cat_0,-3.2412673400690726,0.5387559924463692,0.9655310570598837
cat_0,-1.0243876413342898,-0.9206735930793662,-1.2655598030904145
cat_0,-0.2525681513931603,0.169360824036078,0.6718953727147412
cat_0,-1.2477831819648495,-1.4137144969049802,0.926357744590992
cat_0,1.6324113039316352,-0.11122606134870032,-1.6264690597482234
cat_0,-1.4301413779606327,-0.9039076414647897,0.08624692397643496
cat_0,-0.44004448669698376,-0.7355299425897666,-0.6217372739363465
cat_0,0.13074057728609134,1.2360931752104374,0.05516070214800699
cat_0,1.4412732890661155,1.091310120594269,0.6009348245043749
cat_0,-1.4358621511794394,0.609138120907177,-0.5699009671407785
cat_0,1.1631637521549596,-1.092312764672579,-0.6686229804133738
cat_0,0.010233061019587049,-0.3164084496948019,0.003534878620503109
cat_0,-0.9815086510479509,1.2130976999791834,-1.0640870339696793
cat_0,0.46210347426327075,0.14171691363990474,-1.025443090094868
cat_0,0.19905969557347003,2.319329539981694,0.9312122065120199
cat_0,-0.6002168771587947,0.39331783939437187,-1.1694839389350984
cat_0,0.06980208499001891,0.1920491164900316,0.6924976210572169
cat_0,-0.3853135968617602,-0.3091164642025014,0.393148286747525
cat_0,0.11351734525124804,0.1335409047822823,-1.7011009037872438
cat_0,0.6621306745210467,-0.1524698363805439,-0.6265985685216048
cat_0,1.586016816145352,0.7081086766885905,1.4235219523307667
cat_0,-1.237815498826849,0.9567023167945841,-1.009276849342908
cat_0,2.1330333746562666,-0.7859894605079495,-0.3296998708945559
cat_0,-1.9520877995225019,-1.331232953557778,0.13372881794386848
cat_0,-0.15178509503558332,-1.8362053731032966,0.5845914624687074
cat_0,0.5883172064845765,0.5079913269125437,-0.1419080327047837
cat_0,0.28099186773503265,-1.1033666061738736,-0.6797476685355257
cat_0,-0.6226995198205938,-2.152890592952483,1.1448108504212
cat_0,-0.20812225035727522,0.3885786045309641,1.7569452992149477
cat_0,-0.4930009346588328,2.4929995174327906,1.1788579090591913
cat_0,-0.5893647569442115,-0.006070911539893324,0.025774575716613568
cat_0,0.8496020970210246,0.8384907744516419,-0.6394564344936597
cat_0,0.35701548596504734,0.08182935854756501,-0.786559922105304
cat_0,-0.6929095952606542,-0.09888965319114267,0.4433341804205778
cat_0,0.8995998754332507,0.9190764829877686,0.6002658567307857
cat_0,0.30729952087660933,-0.29027454418865134,1.4033010906152252
cat_0,0.8128621188389601,0.26739231407190295,0.7584755358272255
cat_0,0.6296288419236122,0.3216978061960136,-1.4079476369478554
cat_0,-0.8289950109220723,-0.6680904536430488,0.9022390712664065
cat_0,-0.5601810401969696,0.9920423495365228,-0.9548744963804576
cat_0,0.7472936051232618,-0.17495975669540864,-0.32673788710956625
cat_0,0.6103702654334648,-0.7557451594928447,0.2356627168457565
cat_0,-0.020901593964148132,0.5365098435704035,2.04722831474459
cat_0,0.117327383308782,-0.8984679817910373,3.031804496157135
cat_0,1.277664895788425,0.028181157369128247,0.7373076644519381
cat_0,-0.5915713888358299,-0.009118996644203544,-0.24326565726839122
cat_0,0.5470973811700379,1.085895565831578,0.6978049431807118
cat_0,-0.20219265243389406,0.4746982328799528,0.9149059839184419
cat_0,-0.2176812032272203,-0.025026958745143917,-0.3449384417544281
cat_0,1.09877685198719,0.8177662992002871,1.98686567103107
cat_0,0.8254163489880298,1.3902075490173134,0.4516331489919364
cat_0,0.8135096360006385,0.5578103063518622,0.6348750833266443
cat_0,1.305478807154329,0.010352619843380607,0.7975073947542324
cat_0,0.02100384163275905,-1.3118362323501596,0.29250337154271566
cat_0,0.6819529712949639,-1.0651136630753726,0.8006244312915713
cat_0,-0.31026675659345604,-0.30522470435466764,-0.6788023326417355
cat_0,0.3241663524884421,-0.6095122021592831,-0.5868363389131146
cat_0,-0.13014305436768459,-0.186971302985446,-1.1318656687070079
cat_0,0.09699596499271819,0.056649924897107164,0.4548658196092089
cat_0,0.5951570254369136,0.5296927543567308,0.8914214814914785
cat_0,-0.8182206832334725,-0.07049877805909122,0.3689009200226294
cat_0,2.0923872756854602,0.4865016438262019,1.9323813252987034
cat_0,-1.006017381499702,0.06447441481012024,-0.09975031549800473
cat_0,-1.2141886127877322,-1.9754665663538713,0.34977613767835225
cat_0,1.1581108735000678,-0.9393353938187543,-1.069823328171183
cat_0,0.7916626939629359,-0.14408755572161547,-0.322342188650269
cat_0,0.6241198170521551,-1.2096947428411076,0.6369802649868823
cat_0,0.6283455092642799,0.5999287299962045,0.9719295346691925
cat_0,-0.012246772846914623,1.5307508323436974,-0.14211654171450397
cat_0,-0.8972543714858315,1.2187618516973167,-0.03944850383691832
cat_0,0.07580455819372633,-0.213442870930208,-1.5316375779544575
cat_0,-0.6771617115121117,1.490726136849952,-0.27567275827282534
cat_0,0.9751197334177512,0.14866745720211155,1.0027618825817726
cat_0,-0.14705738150213865,-0.33708597111803934,0.5267906808445485
cat_0,-0.8254971967925115,-0.6134026635409398,0.35677573534786455
cat_0,-0.32138584165299344,-0.30246968648812833,-0.012611865633152107
cat_0,0.41293145427562433,-0.38817681854122876,0.009538622201616009
cat_0,-0.5637245528039747,0.1704162223754877,-0.6996519725162957
cat_0,-0.8222203955664315,0.1605739810498646,0.6326637787508781
cat_0,0.2436872114919123,0.0030460201534144695,0.4456462675539225
cat_0,0.24496657110872277,0.43693816974634986,0.5602093220783065
cat_0,-0.5069431753711298,1.1906462747863413,-0.4576645327260592
cat_0,-0.4710383056183228,0.9495541354413237,-2.105491336888944
cat_0,0.2320499373576363,-1.4848979684499035,0.9718679086444689
cat_0,-1.4480843414973241,-2.553921134901955,-0.8790380036483321
cat_0,-1.4074637743765552,0.9343199112392737,-0.9100901503568488
cat_0,-0.718444221252436,-1.366878698415421,0.484946619947208
cat_0,-0.21344715171184725,-0.22476540189268354,-0.43583389527958266
cat_0,0.3109075655980046,-1.1701130260593595,0.9740158380004863
cat_0,1.475356216949552,-1.8019804375800197,0.5843435275136508
cat_0,0.8576596232020194,0.541462728204788,0.8234815583411583
cat_0,-0.1599385299634271,0.7591551603026468,-1.3060340481666124
cat_0,-0.01901620790268883,-0.5765104007267194,1.1523913245234596
cat_0,-1.0025293646378088,-2.59104229214491,-0.09810663444441586
cat_0,-0.01851313599238993,-0.5462444482524828,-0.4257528976706904
cat_0,-0.2886586389201383,0.3918040054025465,0.1537030039904919
cat_0,0.3227185603380895,-1.4789115687741288,-1.891854533741924
cat_0,-0.827230943552323,0.18335991977915564,0.3442657091033541
cat_0,0.5193465142411723,-0.015309849172995557,-0.9789678416752539
cat_0,1.5327389130025777,0.5792914996010884,-1.1414672445831677
cat_0,-0.1087601484568576,0.11958036841415326,-1.5212771642221616
cat_0,0.40171172209894146,-0.9730689408815555,1.055552653111664
cat_0,0.6901439917111125,1.1965715016644913,-0.44059184435522836
cat_0,-0.40122047188583626,-0.15852957302697002,1.4777527054252186
cat_0,0.22409248181041677,-0.02730453950993186,-0.5161226688222493
cat_0,0.01259240078179486,-0.933267959073196,-1.799425513422087
cat_0,0.09767609854883172,-0.4432822511915103,-1.151085055212927
cat_0,-0.7730097838554665,-0.8848027140269009,1.070030370218702
cat_0,0.024510174258942714,-0.172946059923423,-0.17074176650311554
cat_0,0.49799829124544975,1.7117084801423434,-0.3273166193518216
cat_0,1.4511436077950417,-1.3719011429313563,0.16794247233915624
cat_0,0.9592708260852069,-1.6135613978767411,0.43635367898839156
cat_0,2.1531824575115563,1.4711703274936085,1.4798340944029773
cat_0,-0.7673475628880495,-0.20932367715186612,1.3508321058889348
cat_0,0.8723206367206782,-0.6690727386599166,-0.3394438559830096
cat_0,0.18334200573835174,1.0399046873960764,-1.2037230167685955
cat_0,2.1898029332176723,-0.6056155397368641,-0.2550464217751952
cat_0,-0.8082982853551515,1.8260097135469362,0.36205164940206463
cat_0,-0.8397218421807761,0.6779258713392691,-0.9799385232947616
cat_0,-0.5993926454440222,-0.48791140814570266,-1.0658813202540154
cat_0,-2.123895724309807,2.1573082132655035,0.3471291304454551
cat_0,-0.525755021680761,-0.6057149230033384,-0.1617993460388611
cat_0,-0.759132661553698,0.742095372009307,0.031093266457147398
cat_0,0.15039378647620763,0.2992925804064919,-0.7135266980117995
cat_0,0.34175597577715944,1.301741289398798,-0.06605098768817155
cat_0,1.8761708392158862,1.5615111967268527,-0.5804649406740305
cat_0,0.9504238381860503,0.032004149065766624,0.9884412098499685
cat_0,-0.5769036556624031,-0.7534178703461835,0.9022171821228939
cat_0,-0.898414671348358,0.4599721429391164,-1.890032115079018
cat_0,0.4919191715065057,-0.6777153697521061,-0.94809048001697
cat_0,-1.3202332070206422,2.013387247526623,-1.427213851039481
cat_0,1.8314587658543537,0.13653533108273744,-0.4532245247131891
cat_0,1.179440120721287,-0.3653215513121087,-0.0020261128494430264
cat_0,-0.4691756521047048,0.1846803058649084,-1.4780947543225098
cat_0,-1.7131345290908775,-1.3471262895296965,-1.2278858949873706
cat_0,1.3538723741654128,-0.9716140385106515,-0.9657315385160223
cat_0,-0.11453984525261789,1.2004139079444254,0.3158547356681247
cat_0,1.2378163119734618,-0.6568942789713957,0.12743654033645702
cat_0,-1.594427658794367,-1.0469109826819396,-0.9858714174848839
cat_0,-0.5993750229537729,0.5366527525272862,0.17054864509674933
cat_0,0.005243699718183166,1.185704154662997,-0.42758529914914734
cat_0,0.046980593764742055,0.7189533106650667,-0.1950617198830724
cat_0,-0.45006547147924364,0.9960476858058164,1.7280503117311943
cat_0,0.6228499323474987,-0.7567950885694608,1.3270665361681517
cat_0,-1.0676204293825944,-1.4218106667418438,-1.5485243465400416
cat_0,-0.1423794850212935,1.5013336519554867,0.9656278345725938
cat_0,0.12029563171189886,-0.32267983884213575,0.7911581337785684
cat_0,0.514438834058749,-0.25083301645504735,-1.121902706992248
cat_0,0.7116148780888898,1.328194141849058,1.0227585457486554
cat_0,-1.1246420918378692,0.5562300094006599,1.481090710168832
cat_0,-1.5341141707356223,0.45588777208160763,-1.2303674461098153
cat_0,1.277676821898509,2.165002344901084,-0.5732349043343044
cat_0,0.33231401197959165,-0.643518230380143,0.9865410450034473
cat_0,-0.7484865365565536,0.9278401280812372,0.28943066997811634
cat_0,1.551151975522523,0.0570131248970845,0.712292785281484
cat_0,0.11567463429285867,0.26859227886325693,0.3790159077161083
cat_0,1.1792971840638264,1.5284684264125317,0.66147248197578
cat_0,0.06751848141010895,0.5078357562896237,-1.2689367045411097
cat_0,2.060747924881987,0.538296079049633,1.3072221070146104
cat_0,1.7553408424432044,1.0725073373098022,1.4523748104030743
cat_0,-0.2489641484790735,-0.3649527295428853,-0.2907824318702236
cat_0,0.9715709509543554,-0.8392096673390064,-0.03024082145232753
cat_0,0.6453759495851475,-1.0448091940210336,-1.5710508269993106
cat_0,1.3686315575323487,-1.9663565893760018,0.45448225283346955
cat_0,-0.9649234605801045,2.056207129940322,0.6811858086501659
cat_0,0.6860514599984393,-1.1032083657216831,-0.10390670757163539
cat_0,1.0584244868495878,-0.221253623585772,1.2080704461968843
cat_0,-1.7587394864231143,-0.27681329988892067,-0.5376325096111441
cat_0,-1.183258512665775,0.30740669780910074,0.4770207444079328
cat_0,-2.0392321777601006,0.8157372125392968,-1.142013835214196
cat_0,-0.26940683444455776,0.8604734883597454,0.03555451451728064
cat_0,0.7175422557959623,-0.5830774385689385,-0.16090777618013347
cat_0,1.502357052096028,-0.1671217137864115,0.35883145587190324
cat_0,0.07409478041977519,0.28257995048829965,-0.3338594557425511
cat_0,1.6286155455712918,-0.24869112618354708,0.006519846267106694
cat_0,-1.3801014582148914,1.6073455760199926,0.8487715832220164
cat_0,-1.7033824393551547,0.49097495163825133,-0.5580049860099078
cat_0,-0.05554769889661878,0.7348777860498175,-1.5386440920233595
cat_0,0.3840654489393073,0.6628812686674127,1.8542785759660927
cat_0,-0.03269474809409311,1.173473857485325,1.4955319896296098
cat_0,-2.0674421000398766,0.18102155870370695,-1.4809047492392355
cat_0,-0.08912003951278841,-1.2968319479558466,0.5511126064983309
cat_0,-1.3044695005048532,0.3996879517526416,-0.5934529254265642
cat_0,0.6696725488300385,-0.651356893791829,0.26531878083488053
cat_0,0.36659824609684827,-0.5286166817497568,0.27802228544820284
cat_0,-0.9398797863273552,0.5863640187550933,-0.2697593770735482
cat_0,-0.5138669173366935,1.2382830714336357,-0.7113240501767023
cat_0,-1.0592135218889516,0.02127157673606165,-0.7943352468315484
cat_0,-0.06267909727317188,0.3088330125989638,-0.8915765239486633
cat_0,0.9551423205012383,1.702214944635238,-0.5660864817167971
cat_0,-0.9857260463355437,0.24075317948856828,-0.14167557673405282
cat_0,0.5040465155178444,2.601683114180395,-0.40518702614092783
cat_0,-0.5302576183724408,0.5655096456315442,0.6855772684385302
cat_0,-0.7928728322623442,-1.7607627591558177,1.2318825961941111
cat_0,-0.10703035995455783,0.7533416211045325,-0.5154221152550456
cat_0,-1.035242322419374,0.38115838488277776,0.17399610678171745
cat_0,-0.553649305347182,1.2897527540827456,0.5732954551764902
cat_0,-1.1978778925888485,0.6731813512699584,0.4195326167873854
cat_0,1.9647251329163893,-0.13845598398377382,0.25858218280934897
cat_0,0.03526355197172861,-1.2242982362893657,0.6237789499279587
cat_0,-0.6997255079925856,-0.20902325728602528,0.3913740761527961
cat_0,0.213979910734222,-0.8505204542093001,-1.3013164766748058
cat_0,-0.11232804969082982,-0.5805234498047227,0.7998709144397179
cat_0,-0.22096959953322298,0.5885784044206096,0.9240517177554808
cat_0,0.6141667000434252,1.6699045043514062,-0.5348789837390984
cat_0,0.7575077100473051,0.3946715298229811,0.15315575943463067
cat_0,-0.5305011476105275,-1.1958830620351844,0.5106905718464982
cat_0,-0.57581824064468,0.4446026682201407,-0.2224353768218155
cat_0,-0.275051697151644,1.196631486645651,1.1651360267154125
cat_0,-2.301921164735585,-0.6097829043193822,2.072702087713864
cat_0,-1.5151910621985523,-0.1340171666729177,-0.9509068555221294
cat_0,1.3668742674445247,0.014688194729197093,-1.2428883569364026
cat_0,1.6449677135012837,-0.78489831308224,0.38982553564678013
cat_0,-0.24903603955637832,0.648280433843859,0.7614869445548915
cat_0,0.5765569630557664,-0.12094814860778157,-0.18530549239997046
cat_0,0.3112501545435361,0.41953244390702776,1.5263389231660907
cat_0,3.0788808084552377,-0.8874921778021001,-1.119466936657935
cat_0,1.1195749114345768,-0.43745830032341043,0.7611302841427278
cat_0,-0.12791759148076653,0.7223813578277714,-0.5464144441241928
cat_0,-0.9555404406004258,-0.372833152091767,1.5865405469380773
cat_0,-1.6064463202575725,1.7269638512334051,2.004567106265702
cat_0,0.2034636358672231,-0.39963618561460235,-0.7862738427580858
cat_0,-0.7563507452843033,0.22468472575188592,-0.6027237378618219
cat_0,-1.4222537095976742,0.9325908318730899,0.8106215992073436
cat_0,-0.6465728842425266,-1.4183657329330317,-0.5936245115070704
cat_0,-1.081548003614395,-1.7608088119807759,-0.32964689949175535
cat_0,1.6871416350725648,-1.5256563145700948,0.041536952592657175
cat_0,0.8816397569494505,1.262584103427182,-1.705250770159993
cat_0,-0.007972641316617372,-0.5518581458924467,-0.06982082481514366
cat_0,1.4799441388900259,2.5581992856682523,-0.28591343160834604
cat_0,0.0773683076476183,-0.5642475986573886,-0.5418107515007491
cat_0,-0.8612842013282637,0.18455130319703697,1.3759587136556914
cat_0,1.5231240772696573,1.5421099525678756,-0.949983491295503
cat_0,0.5389100436846587,2.006092888159123,1.0677054799323553
cat_0,-1.0372461543264564,2.061503576636398,-0.17653718810081437
cat_0,-0.1903386780836082,1.2083662305931424,-0.17795741324488096
cat_0,-0.8756182533847572,1.0240625258114624,0.8052163232943819
cat_0,-1.382799730964336,0.5925269492011831,0.2610240163925751
cat_0,0.9261775475316414,0.7783610761666377,0.7410668595893588
cat_0,1.9094166404701305,-0.5511857163285334,1.104007752947021
cat_0,-1.3985675738191412,-0.8181988834223072,-0.5529850289074676
cat_0,0.5629692366905709,-0.0033744574109520514,-0.5562772565797884
cat_0,-0.6506425691218269,-0.17018462252492844,-1.1672332457224737
cat_0,-0.48712538376469605,-0.4532280493272752,-0.9194458732881523
cat_0,-0.5923939242388692,0.6963874474567153,2.95949377763051
cat_0,-0.863990769679816,0.9553052085705107,1.2538110246258563
cat_0,0.04852162794482699,0.08840688629184736,-1.337381514784354
cat_0,-0.8309501164110378,1.4775300810552618,-1.2577999602791476
cat_0,0.2704568257798388,-1.141689114133505,0.3947428328831249
cat_0,-0.05023810944913695,-0.19365945927971812,0.5228750405050815
cat_0,-0.23894804686640975,-0.7168223206028049,0.4533067985704429
cat_0,-0.9075636620415979,-1.86653661707306,-0.5323658214651636
cat_0,-0.5767713305683327,-0.08268068584269925,-0.19139946164400343
cat_0,0.755391225825756,-0.12174750838328353,0.39124389590360464
cat_0,0.5009171876243808,1.513449743242131,0.2873296993799816
cat_0,-0.977555244798551,0.6308116845547775,-2.2539747287719125
cat_0,0.09933230542922587,-1.024186824329205,-0.3222850824651917
cat_0,0.751387123371789,1.8540925663341883,-0.5908584652897159
cat_0,-1.6694052811213718,1.221033695525353,0.13037426034891014
cat_0,0.543360192379935,0.5820977034686158,3.097804792188265
cat_0,-0.6626237589458467,-0.22648409884983192,0.27857087969473654
cat_0,0.5705986685931593,-0.9594392367234797,-0.35241374298542993
cat_0,-0.7632591565425169,-0.372206776071053,0.8082549087158952
cat_0,-1.804882100664519,1.088748619704186,0.41107453911317937
cat_0,-1.6275424378831627,1.884586305934609,0.4457988772569859
cat_0,0.048084946661381994,1.543243528272189,0.7659834407090281
cat_0,0.25972250172148187,-0.4888494217862741,2.0336308728230623
cat_0,-0.9043166251044086,-1.1196174332890112,-1.3332818411652576
cat_0,0.6385924587773739,0.14088624691120394,0.5515799473803122
cat_0,-1.6615200622689599,-1.7684393655628516,-1.2693770727647196
cat_0,-0.06607979864731657,0.32316771418478146,0.5812214378959948
cat_0,-1.2110161997624567,-0.14760258629866868,-1.054548390092207
cat_0,-0.6518361078021592,-0.46603650186824225,-0.5291540745721245
cat_0,0.047398671316414016,-1.5947030672667954,-0.4498203538329445
cat_0,-0.8604133652839524,0.5136001065697166,0.9411353934732855
cat_0,-0.38455554422982535,-0.5327008396619114,0.8267288055532401
cat_0,1.0062928092144405,-1.169916835710288,-1.2620797790959692
cat_0,-0.5768918695231487,-2.8722622132816493,-0.2899812972806311
cat_0,0.8356921120651418,-0.027514905050636255,-0.6287621340477221
cat_0,-1.129706854657618,1.772251596669744,-1.194250436474122
cat_0,0.5298041779152828,1.66125921454787,0.002089288821944868
cat_0,1.4415686206579004,-0.45709625658627184,-0.21003555204865687
cat_0,-2.4716445001272893,-0.6022120603617805,2.119330830296615
cat_0,-0.7968952554704768,0.46877425607502377,0.40014772542115085
cat_0,0.57707212718054,-0.9983854391882915,-1.4197488319550124
cat_0,-0.2030453860429927,0.30179189981946597,-0.5548993527932949
cat_0,0.37114587337130883,0.7660802783846903,1.1351059106049983
cat_0,-0.6039851867158206,1.2269332238843076,2.150737576586774
cat_0,0.08658978747289992,-0.10015407647995278,-1.5873397411386636
cat_0,-0.15567723539207948,-0.20367375017696587,-1.9158594836959495
cat_0,1.1677820616598074,-0.877982586756561,1.899945122862107
cat_0,0.2544208433012131,-0.82688035403986,0.33236822629703916
cat_0,0.3376026620752022,-0.22647889190152676,-0.8571803548589989
cat_0,-0.4118769661224674,0.3673655068161781,0.5301779401918064
cat_0,-0.48760622407249354,0.9135846262332494,-2.593149898800802
cat_0,-0.4325581878196209,-0.8031789506803448,-0.12019820725283559
cat_0,0.39445214237829684,1.4926885689595217,0.5165352439768671
cat_0,-0.42098448082026296,-0.2711236010425688,0.8550593313515465
cat_0,0.2897748568964129,-0.021367294348436157,-0.9870551960377401
cat_0,2.075400798645439,-0.7472116791478234,0.2185060733531206
cat_0,0.8711247034316923,-2.4242402602729416,-1.0807361817437122
cat_0,-0.32602353216784113,0.8840453963610497,0.311185942093638
cat_0,1.2012139221639448,0.7368438970924334,-0.7015405404373863
cat_0,-0.4080753730215514,-0.2813275571182134,-0.4770411321741971
cat_0,-2.038124535177854,0.06699071722487192,-1.1929287765855272
cat_0,-1.008086310917404,0.5159392177040995,0.6019215325023266
cat_0,-1.8707919210258557,-1.5625458568865427,0.5151173388654254
cat_0,-0.35151348404130867,-0.5290526773462948,-0.32267718609617413
cat_0,0.0184183791895517,0.7942646796218271,0.11950630084116623
cat_0,1.6764373122752827,-1.2542894231692494,-1.4063766257229409
cat_0,0.32692737376416264,0.2935579321666293,-0.23762811741370787
cat_0,-0.21910052880886424,-1.356581804623405,-0.20777285038497173
cat_0,0.8294055811834892,0.46642998243352635,2.7503766473916764
cat_0,-2.211135309007885,-0.03564148229748357,-1.3366447049047006
cat_0,0.23561455810856594,-1.6151318159055095,1.3262255129727432
cat_0,0.7708651938869668,1.1647393544571714,1.1904192283002217
cat_0,-1.4785862457798415,-0.7345915767980492,0.059318622232347296
cat_0,1.143754043206929,-0.810252437014381,1.7919706448143882
cat_0,0.3384964074944141,0.20056919723094285,0.4260120330793986
cat_0,-0.4152879139008013,1.1486373494287152,0.46249413922072014
cat_0,0.6327818661062848,-1.015821818978397,-0.09142464830475655
cat_0,2.270692857804396,0.06167984984797165,1.4568061531838643
cat_0,0.18186625505849516,0.42881650033057295,1.1575375093497904
cat_0,0.24822058630033608,0.6931056072631441,-0.5315446681398645
cat_0,-0.4593608995402441,0.1764415552772252,-1.3475391290250693
cat_0,-0.8498443694647918,-0.3670278390833223,-0.3246678582504685
cat_0,0.8303358165442456,-0.8275902206487197,-0.7997640048080938
cat_0,-0.8560838259088672,0.08614388304637476,-0.14051856890160436
cat_0,0.07156623721939247,-1.072139011985607,1.1373808572075177
cat_0,-0.4776574467651167,-2.9213504834946074,-0.7972024481127624
cat_0,0.47897982574639186,0.4365598041576678,0.04873058167883109
cat_0,0.3336621052869483,0.9039348410861953,0.18178242944570958
cat_0,1.0375399442578992,-2.3629324355418384,0.7158916330768907
cat_0,-0.510016398854747,-1.0097307047099375,-2.3988640443410736
cat_0,-0.26987493529337125,0.6191542610051978,-0.5717723621941141
cat_0,-0.9787637157823074,2.0574954697116987,0.31915686767241186
cat_0,-0.4442932600761116,0.020793707675407894,1.157729001186791
cat_0,0.3773004930448522,-0.7280029412291344,-0.5269726923246334
cat_0,0.7569886166453519,-0.18289644110484016,-1.8191434884878228
cat_0,-0.9221653241776254,1.3748764191481848,0.6649825554631922
cat_0,0.8696059201056602,-0.6459641791245353,-0.6129982147275168
cat_0,1.355637858804951,-0.7991920066502536,-1.1340220738748916
cat_0,0.41343490322370086,-0.4827435221820324,-0.6312762516090572
cat_0,1.876795812558066,-0.9533286082587124,-0.09217863722591417
cat_0,-0.773789199103573,0.12267031599479553,-0.6698565528490905
cat_0,-1.244654703311417,1.6246784584695606,-2.1675636815832546
cat_0,-1.7787202489042786,0.3230792731160291,0.7515020993083072
cat_0,1.496044311489183,-0.2523535021262876,1.3992441222150118
cat_0,0.6543656563540577,-0.2918112689155441,0.6877774300833571
cat_0,-0.05558467091045507,-1.563190808696657,-1.299563218385528
cat_0,0.2799686263198203,0.883109777147159,-0.08518369360082004
cat_0,-1.1254890472983765,-0.07783719701280203,-0.12685393966057593
cat_0,2.4457519796168263,-0.18047991359062565,0.8253215961645303
cat_0,0.1292211819752275,3.193107567844861,1.0005733637000898
cat_0,0.10939479460489289,0.29875290836568624,-0.6933590284814378
cat_0,0.725766623898692,-0.7517910500951843,0.07939311379391117
cat_0,0.4810092317367132,-0.4263575962055433,0.4627455681683581
cat_0,0.22388402427913137,1.1484457091967548,1.593055295494355
cat_0,-0.7904744554453119,0.11327041053776446,0.6367861353339683
cat_0,0.4714683571359957,-1.4382779783173667,0.6923757252573818
cat_0,1.8820244964750337,0.9192289345752035,0.3639519710343847
cat_0,1.3454200461549777,-0.668144085538994,1.4781867412651022
cat_0,1.593186626639397,1.8732977762175456,0.7564112362451917
cat_0,-0.5112156764311852,1.0800480657146485,-0.8042046712452241
cat_0,-0.9896048202585809,-0.4473218956587512,1.2596772985334574
cat_0,-0.12578692009964815,1.281016361735113,0.8134262167025741
cat_0,0.055724912288694604,0.0678555105274033,-0.4306859788468725
cat_0,1.0941915184709485,0.8527736751222195,-0.28479644803992654
cat_0,-1.6924646297148194,0.48473281729447476,0.17580236389872733
cat_0,1.5295503194606137,-0.8463566549908735,0.5315041617145587
cat_0,-0.15800789857898942,-0.643549832317462,0.1171364925415613
cat_0,-0.42688106994742003,1.0299608175811612,0.371616648206259
cat_0,-1.0121043752601675,-0.33477533210654087,1.5652694038397097
cat_0,-1.6548566718657693,-0.4036484632419967,0.8656926387241091
cat_0,0.8231705839619146,-0.955122579349353,0.1774403917262805
cat_0,0.07331796718840389,0.42359906559346105,0.9910022840456698
cat_0,-1.2899608997410539,2.062524919243145,-0.9552675015773304
cat_0,-1.295078772063616,-1.0675329142542729,0.16166588131502002
cat_0,-0.3357846992901282,0.02421945667275807,1.778149825471373
cat_0,1.669021525289393,1.4122205554154292,0.0900783126781084
cat_0,-0.2595913513636048,-0.07964139124571515,-0.8815572028800168
cat_0,-1.5031429531181062,0.4523717962497339,-0.7571660042798979
cat_0,-0.24574306408594432,-1.0623935281468797,-1.2204466965656708
cat_0,-0.2727235697476705,0.4283070972076486,-0.7692035553817056
cat_0,-2.6968866429415717,-0.18714426500454878,-0.658911189384641
cat_0,-0.05429486651781221,0.985729995679863,-1.312423506262437
cat_0,-0.23093453020867796,1.1873860515647512,0.11126348608521038
cat_0,0.6962063648134184,2.589563642018614,1.2308541744698505
cat_0,1.8489560949453452,0.5796331732135757,-0.6648972533310282
cat_0,1.1265650295477574,0.32579631658216646,1.6645200582547612
cat_0,-0.26888869055483056,0.19438430157733602,0.5033416496298453
cat_0,-1.1065259087416703,-0.35316629281068834,0.8846113654688215
cat_0,2.5733598032498604,0.33848384346169114,-0.3666501891809819
cat_0,0.05921843401448826,-0.29540141013902943,0.8309069294541616
cat_0,0.013929291912946203,0.1684609762696143,-1.073694873577057
cat_0,-0.024125087110003277,1.3175975356079597,1.0195947456863044
cat_0,0.19808476076785494,-1.0065425652796411,0.0909935593423526
cat_0,-0.14436041192394247,1.1398785611290454,0.652803034905294
cat_0,-0.5736620068802363,1.3171150673398653,-1.1012492995788887
cat_0,-0.5468589412403921,-0.11806852699107874,-0.9615625890997518
cat_0,-0.03275327021599839,-2.1218548990085946,0.38176740133092546
cat_0,-0.543424771133765,-0.6078219870944325,-1.0634726800470204
cat_0,-0.7128457826771644,1.2969945465611092,0.5216211684875176
cat_0,0.10643022769189683,-0.022868062298882122,-1.3587815899209443
cat_0,-0.2549772174208553,-0.9993022322949108,0.7227462676950915
cat_0,1.5039929885826886,-0.5047749212282174,-1.132601508033062
cat_0,-2.650969808393012,0.840620026504553,0.37126495949067734
cat_0,1.0915068519224618,0.5467335682013793,0.789454975658385
cat_0,1.246085192497629,-0.23893209916969432,-0.5960565090967814
cat_0,-2.0733902324081495,-0.36682441181468756,0.33800510266244316
cat_0,-0.34268759408034877,-0.3917581490438219,0.1869976890211389
cat_0,-0.37144086599579146,-0.9224101844985025,-0.6682269612421676
cat_0,-1.4075116947178212,1.6153756894694418,-0.987768284601046
cat_0,-0.7778166875908753,-0.3223204692113399,-2.0726394073528005
cat_0,-1.1105758454658288,1.2171585208254965,0.36030831483566045
cat_0,1.7522704434236227,1.5213160519224513,-1.2374441218274477
cat_0,0.9356783931474612,0.9983108981479604,0.2887431285708504
cat_0,1.2715550949941588,-0.4316203127180484,-0.17945473785463809
cat_0,0.7216720640432351,0.40373009033660945,0.7916829908761799
cat_0,-1.1290517712172292,-0.024195606390916165,-0.41737023725067873
cat_0,-0.5245202662797737,-0.9037018607301281,-0.47226999904808153
cat_0,0.48937456122791806,0.324359281721603,0.8132440885832477
cat_0,-1.2221278088919454,-1.1790397911598025,0.09494126907894274
cat_0,0.7129984301723881,1.1876793884615637,0.5062237390461735
cat_0,-0.24032539815813503,-0.4646172972983931,0.39877332026287343
cat_0,-0.3748208075495975,0.2011596558728393,-1.5529382383747816
cat_0,0.7109599682034915,0.28328787154614216,0.8562134639619453
cat_0,0.44426331148603976,-0.25890497370407733,0.6310046277917986
cat_0,-0.3609661658190799,0.5866938014752747,-0.9941103650108778
cat_0,1.159329803364248,-0.47490365662252443,-0.17563785900002893
cat_0,-1.0810633275998973,0.8712972974572442,-0.06028389064189651
cat_0,0.6159356069442637,-1.3459796802467485,-0.2075011917319812
cat_0,0.5931012579683838,0.12637957954641182,0.4058080503200142
cat_0,-0.3095464393139903,1.9389289990582848,1.594305037805613
cat_0,0.326133022242118,-1.0003313246055747,1.014346897436483
cat_0,-1.251113576385303,-0.6777449705248515,-1.5051050481224217
cat_0,0.924027019206901,0.513907849658915,0.7658634771926303
cat_0,-0.18490213644298903,0.17958178193959795,1.3284012840850705
cat_0,-0.5227230205190395,0.3506300992735592,0.3695992285646546
cat_0,1.0490092258368893,0.4891871301476635,1.2448000607844223
cat_0,-0.7043436905427592,0.6347214685617699,2.0053082235026665
cat_0,-1.4084612963635597,1.1096998419562232,0.9938334006662477
cat_0,-1.5566291735239037,0.40981865692851255,0.13462754398218973
cat_0,0.6060099513456396,-0.24125765461854246,1.0815637037574632
cat_0,-1.280429352496283,0.6725737012027313,0.084102267967536
cat_0,1.7547941819843647,1.8998819348952156,0.3893706549729135
cat_0,-2.081929407883722,-0.13263374638257355,-0.5728705511403621
cat_0,1.6964563682900382,-0.9745293046706415,1.6356060651940478
cat_0,0.2110174672026184,1.1070806692869728,-0.6866188522930423
cat_0,-0.09671311187039239,-0.12038116395359824,1.510658297095717
cat_0,-0.5449190868089497,-2.172669546014036,0.22810526045807278
cat_0,0.39913611435207086,0.8474216771504216,-1.2746503956516924
cat_0,-0.037634702424848364,-0.5353281859539227,0.31035300415354444
cat_0,1.1033018820165215,-0.09053328230416077,-1.9987496476803879
cat_0,0.11422764866203965,0.33198033056901455,0.6701288147541412
cat_0,0.1503017614618776,0.1904996797790664,0.9193116271130854
cat_0,-0.36361221221385587,0.7094518171390395,-0.5577719951595352
cat_0,-0.056945623721067457,-0.43548637056984335,0.07430449652649125
cat_0,0.3078017688920592,0.5131057981760827,2.0362481904571004
cat_0,-1.7101683926566256,-0.2595466775839172,-0.702718211285991
cat_0,-1.348185422105713,0.738810480887503,-1.1198450811784215
cat_0,0.743264094022715,0.6153674840130534,1.6175265602661757
cat_0,0.17086543812794186,-0.9354387020445953,1.8861298641391295
cat_0,-0.18398333635267913,1.0859821161750323,0.09389554983008265
cat_0,0.01843393306539316,-0.535963445114048,0.9597100842034908
cat_0,0.34758170536167105,0.8080577982811451,1.4570398658951627
cat_0,-0.5397596803093615,0.36728731340134063,-0.7597314692291861
cat_0,-0.7783047254023127,1.8381836767951225,-0.37931794022858734
cat_0,0.19584525509768155,-0.22346598237185214,1.2281124404273178
cat_0,-0.978372777615032,-0.3493167961181975,1.5522453213351866
cat_0,0.40825275571447184,-0.01941960588773261,0.6017641751570287
cat_0,-1.7025836042378404,-0.30317978283427544,-1.0803906922092659
cat_0,1.0291556373256436,0.7999419019420501,2.1699708656262104
cat_0,0.472597482413043,-1.616310608436588,-0.6453422104143189
cat_0,0.25602973431387566,-1.053682419146354,-0.4149030496546996
cat_0,0.9826909839455139,-1.067802921579193,0.33382664072625357
cat_0,1.6654744444625766,0.9503075919735757,1.8157386243583895
cat_0,1.0143700650181304,1.7106133725819253,1.1264743203122292
cat_0,-1.8408742313316453,-0.1044492185374715,0.22033315537499876
cat_0,-1.2795769667357015,-0.16882172319001063,0.318448661125535
cat_0,-0.6248185776956788,0.07005216311318138,-0.011961972814783665
cat_0,0.026091050210833786,1.1618783026081905,0.6769364498004087
cat_0,0.517659020469123,-0.9273531341905741,-2.5705294890664483
cat_0,-0.7257438131534656,0.23836898273478513,-0.3453449421116664
cat_0,0.18676676447707832,0.9751976297824297,0.3575183743427318
cat_0,-0.7553829323533225,0.5010941699398452,-1.1764429598608548
cat_0,-0.6115178029919482,0.1895816165987434,0.3441296991722395
cat_0,-1.4066610968482223,1.0010460925671412,-0.24503272141422966
cat_0,-0.9232332461109043,-2.703232292999237,1.3928291444044758
cat_0,-1.3516846056163336,0.6778753195309076,1.5056387966063138
cat_0,-0.9758732529773327,-0.6540756831274238,-0.6288004627286385
cat_0,1.0536417966078395,-1.830632896856457,-0.22853682159155705
cat_0,-0.949398888831943,0.5112025995249807,-0.11776719453908882
cat_0,2.632382064837391,1.3736585451629577,-0.051055415159587836
cat_0,0.4933179008808892,-0.13744851462769186,0.2306119226534465
cat_0,0.1848361236948739,0.9528745472029388,-0.644511001797809
cat_0,-0.8583577801812136,1.6122782579886454,-1.055223287156783
cat_0,0.7003098794089914,1.3149144535840473,0.8242336571995724
cat_0,-0.5756378262377739,1.639964529371393,0.7359622545351727
cat_0,0.12200981464536144,0.7421274910718922,-0.717902029088267
cat_0,2.5600845382687947,0.0754336389015928,1.1589072484796383
cat_0,-0.09605989972464987,-1.6019658118971685,-0.8013803003275133
cat_0,1.1492733262856758,-0.24606248812994858,0.3434863218535539
cat_0,-0.7031764251258874,-0.8432465953161917,0.6657017105682481
cat_0,-0.0349884904969617,2.1709427174978138,0.1799828579963722
cat_0,1.77080063563551,-0.1758858124323366,0.6142323944614517
cat_0,-0.6269670577877674,0.12320480678448567,-0.5668058689878999
cat_0,1.8124485579969287,0.5514853760404675,0.03992680997564246
cat_0,0.7077519354554754,0.043602446372453724,-0.13072399269754745
cat_0,-0.5624667758942676,1.695051040430753,-0.6333199200865903
cat_0,0.632407739055521,-0.622649361734452,-0.17579832538367518
cat_0,0.9725544496267299,0.1946074552372427,-1.4319021083773493
cat_0,0.6218099622171964,-0.7424705856980482,-0.5032198094901899
cat_0,-1.5702247198904564,-1.3200225112207058,-0.5739002164807872
cat_0,-0.7271371758248686,-0.6117690909052854,-0.3900703791683955
cat_0,-0.24751863555150475,-0.03703679704841202,-0.2699529891307705
cat_0,-0.07443342910004629,-0.42930222451725997,-0.11213776522185956
cat_0,0.620672097550678,-0.692420979873856,0.47226662985374607
cat_0,0.17770100093325383,-1.4063174636718339,0.7516554278586646
cat_0,-1.3353443587101013,-0.08310557262869477,-0.7916102199821466
cat_0,0.3801978510059632,-1.5047203740310022,-1.3156531076916484
cat_0,0.6105857452838231,0.7600559636896026,-0.9049802413457604
cat_0,0.5597904479310398,0.08243975293450329,-0.4229799011083728
cat_0,1.0807807255546218,-1.4575514994649306,-0.38959839520753997
cat_0,0.8339221545489041,-0.30920907704986345,-0.7175247584475533
cat_0,0.4591800792284367,-0.7521564055905832,-1.3254142968861091
cat_0,-0.07016571145864703,0.31917451041918043,-0.43121994757813487
cat_0,-1.6609609335159914,1.3404504460231446,0.14937557136468668
cat_0,0.42961821913258585,-1.8751724696457446,0.4504740407842488
cat_0,0.20768768716311115,0.11502607914741717,-0.5251516764772683
cat_0,0.27157883719537346,-0.1601327955666404,-0.40185321798056073
cat_0,-1.2767485758203094,0.6713400764504657,-0.9872391587842951
cat_0,-1.0810565404082624,0.21319662823768915,-0.11822516159183374
cat_0,1.0531528533329035,-0.7519693317388191,-0.8183102820314061
cat_0,-0.03955515385665504,-0.31905393566661816,0.5372669042888728
cat_0,0.6815006973726244,-0.796025856803489,-1.7973190078771977
cat_0,0.028318376130461172,1.0760071385985983,-0.24919712097955646
cat_0,0.02975613949574519,0.02131164867194222,0.30621411800851084
cat_0,0.9382838059759977,1.9011906857530074,0.4677819654954049
cat_0,-0.5160447282173739,-0.060660813814620775,2.635363109777297
cat_0,0.09612077694098337,-0.7084067669104628,0.2885714255709596
cat_0,-0.4622752887050425,-1.5137143926128271,-1.2016535649737972
cat_0,-0.4344962274323156,-1.803139676255945,-0.31922783745789907
cat_0,-0.30917212346863937,-1.5841359430054898,-1.9655771401138646
cat_0,0.22213377163371284,0.2671266510114834,-0.03167370703224125
cat_0,-0.4787486216634773,0.5087250232299338,-0.8300584168441131
cat_0,1.2557561255735208,-1.5811907020321334,0.8828468179143004
cat_0,-0.8946073022195039,0.8950383140761154,-0.5494971734098737
cat_0,-0.18687164416135904,-0.4830610516834395,-0.1837591853797265
cat_0,-0.4397310582741749,0.14679301198554937,-0.664851646033266
cat_0,1.4469778843537329,1.6122206282554243,2.044771203114247
cat_0,0.19655477651157463,0.8968393158655319,-0.21190335688020104
cat_0,1.0318445394686349,-0.2685306479058323,1.908888432635482
cat_0,-1.485560373036972,-0.8911922254152874,0.5764765022730406
cat_0,0.26705026586925884,-2.151815401329305,0.29359021378938155
cat_0,0.889630795623437,-0.7191533192424201,0.3857808949556214
cat_0,0.08228398927542419,-0.21113023882769444,0.3809126732610245
cat_0,1.0654803750653512,-0.987179527151184,-1.9198424945541932
cat_0,-0.5172884501003722,-0.13125696709230472,-0.3437379358700242
cat_0,1.40934744018558,0.07685188295876821,0.9937779034987564
cat_0,2.2988981236192503,-0.22485598180807856,0.15850703070701164
cat_0,-0.36283856043965906,-0.6500025808234597,-1.506473960929887
cat_0,-0.4455025214007718,0.16865467196672768,-0.08008923552087387
cat_0,1.453384477117701,0.44194064956940904,1.8936380289242023
cat_0,1.5795721457307124,-1.090399077442846,1.2958090223635061
cat_0,-0.5228600271532683,1.41093237974627,0.02680322589326843
cat_0,-0.42018681709585726,-0.09858813228426173,0.8995717821200747
cat_0,-0.2817846088605072,0.018849622944847662,-0.39280051895961776
cat_0,-1.344450511034277,0.7082144232565571,-1.7674951956044909
cat_0,-0.9186519464841982,0.23321613126350166,-0.993009569651624
cat_0,-1.0041407667520679,0.9531366339132451,1.5577883552243155
cat_0,-0.7677975651041284,0.2871241652018242,-0.32206042181953465
cat_0,-0.03468488738678118,-0.6124373746404379,-0.30809620557774
cat_0,0.23421473253652075,0.36150352520610163,-0.24026637050061833
cat_0,1.5505004928140769,-1.1437262073206618,1.9448140181223483
cat_0,-0.998354040738791,0.10855970577652314,1.5369794818658364
cat_0,0.9843223984765838,-0.0332299906444608,2.3138894742313463
cat_0,-0.21398884422550896,-0.2081168572725397,-0.20125578054985616
cat_0,-0.04946370965243295,-0.12853751143893075,0.27782436663795873
cat_0,0.6748194921666038,-1.881849045497639,-1.6373455047538947
cat_0,-1.1227220215622986,-0.5487249077409615,1.3097897331879484
cat_0,0.3824097461840506,0.09284490114111471,-1.1202540865354185
cat_0,0.1664522082130561,0.15985639199740037,0.24940642378367475
cat_0,0.4924512640081491,-1.0276751409259581,-1.150824915324625
cat_0,0.2891686439078181,1.2657078408647007,-0.4333791782614442
cat_0,2.4553001399108942,-0.8661748482145009,-0.678349901880061
cat_0,-0.637739984251316,0.9694572005267368,-0.5747035390482758
cat_0,-0.5309969550018176,0.42719436187168486,-0.5495029624619918
cat_0,-0.6231405264247644,-0.646227309843803,-0.6752055785519337
cat_0,-0.5554771191602547,1.775310892609512,0.9553172891252328
cat_0,-0.6373871273065177,-1.19363683175648,-1.28796518896882
cat_0,1.1890165311075518,0.9191541736100015,0.4313584974856222
cat_0,1.4205042479898549,1.0005823180429783,1.4600678089088417
cat_0,-0.5707462937494763,-0.6706202090766449,-0.6373330147960081
cat_0,-0.8323555731042287,1.3924653000643288,-0.6619079180515919
cat_0,0.4714155563864041,-0.2500465145989528,-0.20838772100150568
cat_0,-0.5522230442809712,0.28869362927985703,1.1533722668605988
cat_0,0.6329318177555108,0.2603218387712207,0.28343299660603083
cat_0,0.2029230208512997,-0.1343087414705478,-0.5243528666695233
cat_0,-1.515744114997232,0.8108082731597821,0.4133830670042947
cat_0,1.5475052013300616,0.793488720552213,-0.8681927576481958
cat_0,1.7958776730955217,-1.7485319732381808,0.686094080428682
cat_0,-0.6127886904843862,1.3043402428781525,0.4777624629411442
cat_0,-0.38770155993598415,-1.6624919880356743,-0.5128278259360499
cat_0,0.28586539072490497,1.0325462043416573,-0.7067446389405748
cat_0,0.334456789987025,1.1267051368275833,-0.7405647296019965
cat_0,0.6585442726728304,-1.0909664302151982,0.4915751205916734
cat_0,2.0102045387663496,-0.4108142879545848,1.3889195275702384
cat_0,-0.1769472274940494,-1.1057046684859357,-0.7655729366267933
cat_0,-0.7982972445384537,-0.21492103028873533,0.35706487606876536
cat_0,-1.3793192280145272,-0.30803428418574125,-2.2557623698220954
cat_0,-0.7309300399419191,0.7796605322693398,-0.5797446814244575
cat_0,-0.033126972873797095,1.3103087461196083,0.09665924445367918
cat_0,1.7945578635177877,1.395683810789956,-0.5906592495510592
cat_0,-0.5176112990361714,-0.5621680265783021,-1.0444843073510433
cat_0,0.2237879516388985,-0.20922187374452778,-0.6663229486794491
cat_0,-0.016422896072752075,-1.6834381922209503,0.1222066194970029
cat_0,1.188393273448084,-0.8058700664961888,-0.14907669771118517
cat_0,2.5269324258736217,0.9648516330974576,-1.8890528274278642
cat_0,-0.5308687729203206,1.6155828235482317,-2.012228747572275
cat_0,-0.48943944251822213,-1.234348871879922,-0.7792440092969899
cat_0,1.044160877069072,-0.5924642591528942,0.5028562478451698
cat_0,0.6818914896263114,-0.02640575695892703,-2.6819562694584964
cat_0,1.8467073257360336,0.2801611588196068,-0.28704332769606655
cat_0,0.5839281853259639,-0.8096035199216461,-0.5488153899769893
cat_0,-0.35929209078705954,0.4240610444640897,1.3948146735761509
cat_0,0.5906548306923093,-0.47383934707091613,-0.37334026335072434
cat_0,1.1087035805829077,-0.014452270878279104,0.4924141157113913
cat_0,0.820482181197364,0.5462842480036996,0.2779337830075696
cat_0,0.5072740311072977,0.0064222698109378164,-2.079196849715377
cat_0,1.066674689589154,-0.4363858905265686,0.8312360965379958
cat_0,1.1692955904456728,-0.10960980392583083,0.32136508410827214
cat_0,1.3821589910375272,-0.08836295920533532,0.6376482428578087
cat_0,0.6487098875896427,-0.3700110298821277,3.954107592207078
cat_0,-0.16711808031685435,-0.25879606266710237,-2.1267043537969843
cat_0,0.14671368643332283,1.598647170504717,1.8992327354549126
cat_0,1.2065089665083568,0.5609194479412387,-0.11070467795539601
cat_0,-0.8169356709872361,-0.29548031802916036,0.17608730550136964
cat_0,0.3686733088729012,0.6969544045107356,0.061050526037121515
cat_0,-0.3933388123273607,-0.33381948975600995,-0.49695216360638056
cat_0,0.028744822934817487,1.1731246375866413,-0.4496459821866129
cat_0,1.2784518626072987,0.3696421921980939,0.49431814105354843
cat_0,0.19109906801990334,-0.10730214400422888,-1.5087940042701116
cat_0,0.04643654815614881,0.4477169258102776,0.7999945149184082
cat_0,-1.3598561409799192,-1.5708761520684993,-0.7092676341900959
cat_0,0.7462535660272207,-1.1267674689098053,-1.1681207293286162
cat_0,0.6454841811410754,-1.1939250063990554,-0.5048569405216117
cat_0,2.16325472330546,0.14294309476370676,1.4877689986694895
cat_0,-0.30777823495300083,1.732514999485092,-0.39286141056301405
cat_0,0.21915032766393897,2.2313001461926323,0.6034986655952774
cat_0,0.24938368371075526,0.6380511014407572,-0.642212797200322
cat_0,1.5774532797634744,0.5008444749444569,0.9657516253944127
cat_0,-0.0952955323869521,-1.801057734152739,0.495872412136235
cat_0,0.27902152577033923,-0.5426737997340217,1.8222436059000433
cat_0,0.6078965097165392,-0.7877837519082389,-0.19355266971838547
cat_0,0.1866091231563581,-0.620847598251116,0.6252309572484308
cat_0,-0.44643361455052827,-0.1681438185847896,0.03660979622541276
cat_0,0.19408999289830758,-0.47209057769712737,1.2680717233831325
cat_0,1.073631749859772,-1.9792998103757877,-0.809399193660332
cat_0,-1.0265152994110602,0.7479102561175338,0.7171448085479285
cat_0,0.132969674146876,-1.0727430257398065,-0.28867463127597476
cat_0,-0.7001208149391732,0.23924686411114954,-0.11027557219130013
cat_0,1.1950466289248425,2.0740826697499735,0.41866541431585447
cat_0,-1.5231869047837747,-0.9193845915864234,0.007983246789657561
cat_0,-0.5589218472715883,-2.5302875227463297,-0.42514998012375005
cat_0,0.37721187506452086,-0.2860042218801108,0.22383394848896734
cat_0,1.5655240292343404,1.100959634998571,1.8447664239854755
cat_0,-0.0657502610729878,1.9583474542205939,1.1747094049299789
cat_0,-0.5551995266931984,-1.2295495944524168,0.690679680382335
cat_0,1.8811570694405901,0.4966992232365217,-0.21775389675615953
cat_0,-1.448013900416244,-0.46531045678005334,-1.080573263947954
cat_0,-2.198805956620082,-0.10594835430413566,0.7248251271453311
cat_0,0.4400144500533324,2.6443433470170348,1.1844825722368308
cat_0,-0.5020542243526112,-1.5029703283951532,1.2721682204762055
cat_0,-1.0212328171307132,0.25373966149457344,-0.6807299415328435
cat_0,0.7083564472993533,0.4676931717654332,-0.11194369345386843
cat_0,0.24380071377119883,1.0857863249393471,-1.5065254586543795
cat_0,-0.5640786307367284,0.09798315347089544,-0.4390806537874562
cat_0,-1.2803043986708944,0.3080505395041023,0.8993451246627681
cat_0,0.8724573282801447,-0.3916485674217911,-0.4184145031423626
cat_0,0.650201177958661,0.26912694124510733,0.7324126071212006
cat_0,-0.09917586377938291,-0.3431922754974105,-0.23473991992549068
cat_0,1.8466369960476658,0.6215718898560508,0.5708779168119322
cat_0,-1.0700847663261526,-0.36961033604363397,-1.291660900052646
cat_0,-1.5255251709247388,0.37710039390218647,-0.029633028068354175
cat_0,-0.6919080698812444,-0.029262813684978354,-3.0632530592573457
cat_0,-0.045586016355497805,1.1260502507721681,-0.07884973472031781
cat_0,0.24333944932269183,-0.05139372358848624,-1.6112786711417195
cat_0,-0.24123605785632987,-1.7730324682068814,1.0045676639404948
cat_0,0.3520553965142968,1.2619215007139917,0.9388050424873401
cat_0,-1.251539424190444,-0.9057323008626189,0.25094380946077477
cat_0,1.4437646040732595,-0.6537663386488198,1.600006053701824
cat_0,-0.0821511783925688,-0.5956612940434921,-1.0166977680684433
cat_0,1.1172958315881276,1.3744380931708173,1.9965365903914527
cat_0,0.34272534637770413,-2.1356742139786955,0.7528966775002857
cat_0,0.4567532191537839,3.1377485336599937,0.12289488806243176
cat_0,0.5697672802322039,1.0560568090660518,1.2982025561127697
cat_0,0.44770856001731496,0.22323891412915967,-1.0391987649969867
cat_0,0.6427227598675439,-0.05489400061628639,-0.7657312856025478
cat_0,1.3291525301324314,0.28555407485765694,-0.4471190627406916
cat_0,0.19652116970147013,0.5211224283793383,-0.4572133482559344
cat_0,0.7090037575885123,0.645215585950057,-0.9211357084063958
cat_0,-0.08973569428722672,0.5556044660034485,1.2696699442669472
cat_0,1.4401172154494728,0.08958068125524882,-0.10588461069935948
cat_0,-0.6763923020592697,-0.1973384203073261,0.26513189612022
cat_0,1.8009404329108156,-0.1512732836535117,-0.4053846514879501
cat_0,-0.04015795064434341,-0.194908280352681,-1.8441099236482197
cat_0,-1.4307751021180481,1.1337700968670645,0.24035685786632371
cat_0,0.12810441491078928,0.5935567222808619,-1.8400888617006117
cat_0,-0.6810516574748808,-2.9403886346642802,-0.4307780752993847
cat_0,0.8406435489887241,0.655900776529761,-1.218660606280962
cat_0,-0.6526239793023909,0.19473619471877485,1.9414872207724463
cat_0,-0.4461834332147797,-0.018708756445897416,0.864873503208654
cat_0,-1.889540730945531,-0.38851845308888583,-0.12205212713196127
cat_0,-0.4523063192490767,1.1241127199860135,1.3308873177283622
cat_0,-2.4238793266289567,0.9475264621228578,-0.9939512639163457
cat_0,-1.5839028234857233,-0.7728776678236091,0.30780132953915973
cat_0,0.7604146561442974,0.4070522871245351,0.31655712804559677
cat_0,0.7858001586508322,-0.971656734541286,0.24543442374462462
cat_0,0.42545756178496474,-1.3796181647889305,1.1769374398063712
cat_0,-0.966976143129213,-0.6267172245899651,0.5731227660078844
cat_0,-0.047711356141979855,0.8623934723827588,0.3701918744491012
cat_0,-0.0036025390905684044,0.9531250453760867,-1.5599351855997443
cat_0,-1.1583646891925428,0.513085420097293,-1.0245742221889886
cat_0,1.5033983017671506,0.7250957868479971,0.10014047526579063
cat_0,0.8773622905756714,0.5161782871149584,0.23272643204571422
cat_0,-0.22096417382966393,-0.6414815952229522,-1.2164483015791854
cat_0,0.02688583899453078,0.43192254467394064,2.457557513945268
cat_0,0.20838280794755248,0.8004095252276823,1.6172732885710963
cat_0,-2.0417348684242906,0.7542913298135743,0.47337396653141184
cat_0,-0.24717738252059693,1.188913371474643,0.16621046017914937
cat_0,-0.6819842479977986,0.7083038472010638,-0.20957700998082518
cat_0,-1.0016200098949155,0.3514482075415829,-1.0169356402575689
cat_0,-0.2811002928859549,1.0701502383164274,0.1563855130619098
cat_0,1.7976865268495226,-0.026521259249060063,0.4348690669027969
cat_0,0.6408428612670098,-0.8818746512277178,-1.2658637544776952
cat_0,-0.5711789897827968,-0.16306696394376388,0.2607518218722414
cat_0,0.5725827813561586,-0.7449026448064491,-0.17249103516977782
