race,sex,LSAT,UGPA,ZFYA
2.00,1.00,25.00,2.39,-1.13
2.00,1.00,26.00,2.78,1.05
2.00,0.00,36.00,2.63,-0.83
2.00,1.00,21.00,2.19,-1.20
2.00,1.00,34.00,3.37,-1.22
2.00,0.00,27.00,2.81,0.73
2.00,1.00,29.00,2.54,-0.89
2.00,0.00,30.00,2.66,0.35
2.00,1.00,36.00,2.96,-1.43
2.00,1.00,37.00,3.19,-0.64
2.00,1.00,33.00,2.54,-1.78
2.00,1.00,29.00,2.97,0.65
2.00,1.00,36.00,2.85,-0.30
2.00,1.00,32.00,3.45,0.23
2.00,0.00,24.00,3.06,0.44
2.00,1.00,44.00,3.04,-0.13
2.00,1.00,31.00,2.61,-1.11
2.00,0.00,23.00,2.58,0.94
2.00,1.00,37.00,3.19,-0.76
2.00,0.00,26.00,3.02,-1.82
2.00,1.00,50.00,3.03,1.01
2.00,1.00,33.00,3.31,-0.10
2.00,1.00,29.00,2.86,-0.14
2.00,0.00,33.00,3.47,-1.45
2.00,0.00,42.00,3.42,0.17
2.00,1.00,31.00,3.14,-0.59
2.00,0.00,29.00,2.43,-2.87
2.00,0.00,29.00,2.30,0.34
2.00,1.00,34.00,2.79,-0.54
2.00,1.00,38.00,2.91,-0.21
2.00,0.00,35.00,2.82,-2.55
2.00,0.00,36.00,3.17,0.03
2.00,0.00,42.00,3.43,-1.34
2.00,0.00,30.00,2.93,-0.77
2.00,0.00,36.00,3.28,-1.19
2.00,0.00,33.00,3.05,-0.10
2.00,0.00,40.00,3.27,-0.17
2.00,0.00,44.00,3.09,-0.85
2.00,0.00,31.00,3.03,1.87
2.00,1.00,41.00,2.57,-0.67
2.00,0.00,30.00,2.94,0.35
2.00,0.00,26.00,2.88,-0.40
2.00,0.00,40.00,3.47,0.68
2.00,0.00,34.00,3.07,0.14
2.00,0.00,29.00,4.26,-1.48
2.00,0.00,27.00,2.74,-1.03
2.00,1.00,40.00,3.59,0.40
2.00,1.00,36.00,2.73,-0.33
2.00,1.00,35.00,2.61,-1.12
2.00,1.00,39.00,3.38,-0.57
2.00,1.00,30.00,2.68,-1.69
2.00,1.00,19.00,2.38,-0.12
2.00,0.00,28.00,3.45,-0.24
2.00,1.00,28.00,3.39,0.08
2.00,0.00,40.00,3.57,-0.43
2.00,1.00,46.00,3.47,1.63
2.00,1.00,34.00,2.88,1.62
2.00,0.00,34.00,3.74,2.19
2.00,0.00,38.00,3.10,0.96
2.00,1.00,31.00,3.26,-1.92
2.00,1.00,37.00,3.61,1.33
2.00,1.00,40.00,2.63,0.24
2.00,1.00,26.00,1.54,-0.48
2.00,1.00,32.00,2.70,-0.22
2.00,1.00,29.00,3.13,-0.33
2.00,1.00,28.00,2.40,-0.37
2.00,1.00,24.00,2.91,1.36
2.00,1.00,31.00,2.70,-1.00
2.00,0.00,35.00,2.91,0.24
2.00,0.00,28.00,3.30,0.84
2.00,1.00,37.00,3.27,-0.89
2.00,1.00,31.00,2.87,-0.07
2.00,1.00,33.00,2.92,-0.67
2.00,1.00,31.00,2.86,2.28
2.00,0.00,34.00,2.91,-0.56
2.00,1.00,35.00,2.60,0.84
2.00,0.00,23.00,3.33,0.09
2.00,1.00,35.00,2.60,-0.49
2.00,1.00,29.00,2.86,0.23
2.00,1.00,32.00,2.78,-0.09
2.00,0.00,32.00,3.13,0.07
2.00,1.00,34.00,3.08,-0.79
2.00,0.00,26.00,2.72,0.85
2.00,0.00,35.00,3.47,0.83
2.00,1.00,28.00,2.32,-0.47
2.00,1.00,28.00,2.89,-0.17
2.00,0.00,28.00,3.49,-0.53
2.00,1.00,52.00,2.88,-1.63
2.00,1.00,46.00,3.38,0.87
2.00,0.00,25.00,3.19,-0.19
2.00,0.00,31.00,2.75,-1.07
2.00,0.00,41.00,3.04,-0.22
2.00,0.00,32.00,3.24,-0.03
2.00,0.00,37.00,2.85,-1.35
2.00,0.00,31.00,3.28,-0.57
2.00,0.00,39.00,3.22,1.88
2.00,0.00,31.00,3.14,-1.31
2.00,0.00,33.00,3.71,0.36
2.00,0.00,35.00,3.07,-0.34
2.00,1.00,37.00,2.62,-1.75
2.00,1.00,33.00,3.66,-1.06
2.00,1.00,30.00,2.56,-0.45
2.00,0.00,34.00,2.67,-0.60
2.00,0.00,27.00,3.47,0.26
2.00,0.00,34.00,3.31,0.17
2.00,1.00,36.00,3.38,-0.27
2.00,1.00,23.00,2.98,0.05
2.00,0.00,30.00,3.27,0.07
2.00,0.00,39.00,2.35,-0.74
2.00,0.00,30.00,3.04,-0.77
2.00,1.00,21.00,2.19,1.42
2.00,1.00,34.00,2.69,0.17
2.00,1.00,38.00,3.40,2.57
2.00,1.00,30.00,2.10,0.46
2.00,1.00,27.00,3.29,-0.27
2.00,1.00,31.00,3.52,-0.18
2.00,0.00,38.00,2.96,0.68
2.00,1.00,36.00,2.96,-1.28
2.00,1.00,31.00,3.23,0.61
2.00,0.00,36.00,2.83,-0.75
2.00,0.00,42.00,4.07,-0.15
2.00,0.00,32.00,2.86,1.85
2.00,1.00,37.00,2.67,-0.63
2.00,1.00,31.00,3.60,-1.69
2.00,1.00,32.00,2.21,0.95
2.00,0.00,35.00,3.31,1.42
2.00,0.00,33.00,3.08,-0.91
2.00,1.00,28.00,3.30,-1.13
2.00,0.00,36.00,3.60,0.37
2.00,0.00,26.00,2.30,0.52
2.00,0.00,25.00,2.87,0.13
2.00,0.00,36.00,3.75,1.08
2.00,0.00,31.00,2.83,-0.18
2.00,0.00,41.00,2.57,0.97
2.00,0.00,26.00,3.14,-0.21
2.00,0.00,39.00,2.32,-0.88
2.00,0.00,31.00,2.60,-0.31
2.00,0.00,31.00,2.40,0.67
2.00,1.00,27.00,3.16,0.79
2.00,0.00,28.00,2.79,1.47
2.00,1.00,30.00,4.06,1.34
2.00,0.00,31.00,3.19,1.12
2.00,0.00,35.00,3.60,-0.70
2.00,0.00,35.00,2.48,1.10
2.00,1.00,35.00,2.67,-0.28
2.00,0.00,21.00,2.73,0.60
2.00,0.00,40.00,3.60,1.15
2.00,1.00,35.00,3.21,-1.80
2.00,1.00,24.00,2.96,0.26
2.00,0.00,23.00,2.79,-1.20
2.00,1.00,28.00,3.12,1.93
2.00,1.00,39.00,2.37,-0.54
2.00,1.00,26.00,3.18,-0.44
2.00,1.00,22.00,3.04,0.55
2.00,1.00,25.00,3.20,-0.13
2.00,1.00,35.00,3.22,0.61
2.00,0.00,40.00,3.40,-0.30
2.00,0.00,25.00,3.84,-0.12
2.00,0.00,28.00,2.67,-1.20
2.00,1.00,35.00,3.75,-0.48
2.00,1.00,34.00,3.20,0.46
2.00,1.00,40.00,3.10,0.13
2.00,0.00,34.00,2.76,-1.11
2.00,0.00,40.00,2.61,-0.73
2.00,0.00,28.00,3.08,-2.06
2.00,0.00,30.00,3.06,-1.51
2.00,0.00,29.00,3.22,0.51
2.00,1.00,38.00,3.42,0.92
2.00,1.00,33.00,3.58,-1.51
2.00,1.00,33.00,3.32,0.98
2.00,1.00,32.00,3.14,1.08
2.00,0.00,34.00,2.81,-0.23
2.00,0.00,33.00,2.97,-1.40
2.00,0.00,31.00,2.59,1.25
2.00,0.00,48.00,3.07,0.38
2.00,1.00,33.00,2.70,-1.94
2.00,0.00,26.00,3.28,1.83
2.00,1.00,36.00,3.39,0.08
2.00,1.00,23.00,3.02,-0.60
2.00,0.00,46.00,3.65,1.52
2.00,1.00,34.00,2.43,-0.42
2.00,0.00,37.00,2.95,1.08
2.00,0.00,31.00,2.88,0.73
2.00,0.00,31.00,3.32,0.84
2.00,1.00,37.00,3.88,-0.70
2.00,0.00,32.00,2.68,0.75
2.00,0.00,32.00,2.99,-1.31
2.00,0.00,34.00,3.51,0.54
2.00,1.00,26.00,2.76,1.91
2.00,1.00,40.00,3.39,0.72
2.00,0.00,41.00,2.90,-1.02
2.00,1.00,32.00,3.44,1.18
2.00,1.00,30.00,2.49,0.82
2.00,0.00,38.00,3.23,-0.61
2.00,1.00,28.00,3.44,-0.48
2.00,0.00,36.00,3.07,0.25
2.00,1.00,28.00,3.15,-0.37
2.00,0.00,28.00,2.66,-0.42
2.00,0.00,20.00,1.63,-1.06
2.00,0.00,28.00,2.91,-1.15
2.00,0.00,40.00,2.57,0.03
2.00,0.00,27.00,3.63,-0.45
2.00,0.00,29.00,2.75,1.58
2.00,1.00,35.00,3.40,-0.09
2.00,0.00,33.00,2.63,-2.01
2.00,0.00,29.00,2.84,0.04
2.00,0.00,25.00,2.84,-1.67
2.00,0.00,31.00,2.80,-1.05
2.00,0.00,31.00,3.51,-0.32
2.00,1.00,40.00,3.14,1.28
2.00,1.00,43.00,2.47,-0.40
2.00,1.00,33.00,3.64,2.01
2.00,0.00,35.00,3.16,-0.40
2.00,0.00,26.00,3.80,1.35
2.00,0.00,25.00,3.76,0.19
2.00,0.00,28.00,3.53,-0.44
2.00,1.00,25.00,2.49,-0.40
2.00,1.00,31.00,3.19,0.59
2.00,0.00,37.00,3.13,1.46
2.00,1.00,34.00,2.72,0.56
2.00,1.00,33.00,3.07,0.12
2.00,1.00,27.00,2.71,-0.79
2.00,0.00,33.00,3.63,0.36
2.00,0.00,26.00,3.36,-0.09
2.00,0.00,35.00,3.74,-0.44
2.00,1.00,41.00,2.88,-0.54
2.00,0.00,32.00,2.90,-0.94
2.00,1.00,21.00,2.70,1.27
2.00,0.00,36.00,3.23,1.72
2.00,0.00,37.00,3.76,-1.14
2.00,1.00,21.00,3.28,0.09
2.00,0.00,46.00,3.53,-0.58
2.00,1.00,39.00,2.87,-0.28
2.00,1.00,41.00,3.00,2.48
2.00,0.00,41.00,3.15,1.00
2.00,1.00,30.00,2.64,-0.88
2.00,1.00,30.00,3.61,-1.98
2.00,1.00,34.00,2.07,-0.10
2.00,0.00,45.00,3.06,0.43
2.00,0.00,41.00,3.41,1.40
2.00,1.00,30.00,3.18,1.17
2.00,0.00,37.00,3.20,2.23
2.00,1.00,32.00,3.47,-0.80
2.00,0.00,27.00,2.91,-0.40
2.00,0.00,24.00,3.05,1.38
2.00,1.00,38.00,2.27,2.06
2.00,0.00,34.00,2.73,0.05
2.00,1.00,37.00,3.11,0.12
2.00,0.00,33.00,2.70,-0.19
2.00,1.00,35.00,2.79,-0.01
2.00,1.00,34.00,2.81,-0.28
2.00,0.00,34.00,3.02,0.03
2.00,0.00,45.00,3.26,1.54
2.00,0.00,30.00,2.48,1.40
2.00,1.00,43.00,2.46,-0.98
2.00,0.00,37.00,3.21,1.00
2.00,1.00,29.00,2.41,-2.96
2.00,0.00,29.00,3.56,0.38
2.00,1.00,22.00,2.90,-0.66
2.00,0.00,32.00,3.47,-2.73
2.00,0.00,32.00,3.62,-0.33
2.00,1.00,33.00,3.17,0.01
2.00,1.00,32.00,3.25,-1.71
2.00,1.00,30.00,2.37,-0.56
2.00,1.00,32.00,2.78,-0.71
2.00,1.00,36.00,3.68,0.44
2.00,0.00,28.00,2.29,0.33
2.00,1.00,35.00,3.38,1.43
2.00,0.00,27.00,2.89,0.49
2.00,0.00,34.00,3.88,1.40
2.00,1.00,24.00,2.84,-0.97
2.00,1.00,32.00,1.83,-0.30
2.00,0.00,36.00,2.52,-1.61
2.00,0.00,31.00,2.47,1.17
2.00,1.00,25.00,3.25,-0.98
2.00,0.00,32.00,3.05,-0.50
2.00,1.00,27.00,2.85,0.16
2.00,0.00,25.00,3.08,2.94
2.00,0.00,35.00,3.14,1.38
2.00,1.00,37.00,3.60,0.82
2.00,1.00,33.00,3.15,-0.30
2.00,1.00,29.00,2.20,-0.76
2.00,1.00,38.00,2.74,1.30
2.00,0.00,31.00,2.71,0.74
2.00,1.00,43.00,2.87,-0.62
2.00,1.00,31.00,3.48,0.42
2.00,0.00,30.00,3.40,0.81
2.00,1.00,36.00,2.92,-0.89
2.00,1.00,32.00,2.92,-1.22
2.00,0.00,29.00,3.03,1.29
2.00,0.00,45.00,3.14,0.73
2.00,0.00,38.00,3.45,1.22
2.00,0.00,36.00,2.67,0.82
2.00,1.00,32.00,2.86,0.54
2.00,0.00,32.00,2.74,-0.56
2.00,0.00,31.00,3.07,0.21
2.00,0.00,26.00,3.27,1.18
2.00,1.00,27.00,2.83,0.52
2.00,1.00,38.00,3.55,-1.41
2.00,1.00,34.00,3.46,-2.16
2.00,0.00,35.00,3.52,-1.58
2.00,0.00,37.00,3.47,0.86
2.00,0.00,31.00,2.83,-1.35
2.00,1.00,36.00,3.21,-0.82
2.00,1.00,31.00,3.27,0.05
2.00,1.00,20.00,2.56,0.92
2.00,1.00,34.00,2.87,0.90
2.00,0.00,32.00,3.86,2.06
2.00,1.00,37.00,2.47,0.51
2.00,0.00,33.00,3.60,1.01
2.00,1.00,34.00,3.01,-0.03
2.00,1.00,37.00,2.84,-1.17
2.00,1.00,32.00,2.89,-1.43
2.00,0.00,30.00,3.56,1.12
2.00,0.00,28.00,3.21,-0.98
2.00,0.00,38.00,2.64,0.95
2.00,1.00,27.00,3.09,-0.14
2.00,0.00,41.00,2.32,-0.19
2.00,0.00,37.00,2.93,0.21
2.00,1.00,37.00,2.45,0.15
2.00,1.00,31.00,3.34,0.91
2.00,1.00,31.00,2.70,-1.50
2.00,1.00,32.00,3.30,-0.57
2.00,1.00,37.00,3.02,-1.11
2.00,1.00,23.00,3.49,-1.08
2.00,0.00,24.00,3.42,-1.64
2.00,1.00,32.00,2.98,-1.16
2.00,1.00,38.00,2.72,-0.96
2.00,1.00,34.00,3.11,-0.47
2.00,1.00,30.00,3.38,1.58
2.00,1.00,25.00,2.91,0.11
2.00,0.00,24.00,2.58,0.14
2.00,1.00,29.00,2.19,-1.38
2.00,1.00,32.00,3.32,-0.92
2.00,1.00,31.00,3.07,0.28
2.00,1.00,35.00,3.32,-0.00
2.00,1.00,29.00,2.57,-1.12
2.00,0.00,23.00,2.92,-0.28
2.00,0.00,36.00,2.73,-0.26
2.00,0.00,36.00,3.00,0.04
2.00,0.00,29.00,3.06,-1.12
2.00,1.00,21.00,3.12,-0.09
2.00,1.00,40.00,3.09,0.15
2.00,0.00,28.00,2.16,0.17
2.00,1.00,37.00,3.21,0.31
2.00,1.00,34.00,2.80,0.53
2.00,1.00,44.00,3.36,0.91
2.00,1.00,35.00,3.21,0.05
2.00,0.00,33.00,3.03,1.80
2.00,0.00,43.00,3.13,1.07
2.00,1.00,41.00,2.92,1.18
2.00,0.00,36.00,2.76,-1.35
2.00,0.00,37.00,3.05,0.90
2.00,0.00,44.00,3.08,-0.14
2.00,1.00,42.00,3.23,-0.45
2.00,1.00,27.00,2.35,1.47
2.00,0.00,46.00,2.83,-1.73
2.00,0.00,18.00,2.55,-1.55
2.00,1.00,38.00,3.32,0.06
2.00,1.00,24.00,3.04,-0.88
2.00,1.00,42.00,3.47,-0.19
2.00,0.00,38.00,3.06,-0.29
2.00,0.00,25.00,2.39,-0.23
2.00,1.00,29.00,3.33,-0.45
2.00,0.00,31.00,2.23,0.10
2.00,0.00,29.00,2.94,-0.46
2.00,1.00,33.00,3.00,0.03
2.00,0.00,30.00,3.73,0.77
2.00,0.00,29.00,2.80,-2.46
2.00,0.00,51.00,3.34,1.51
2.00,0.00,29.00,3.25,-0.05
2.00,0.00,37.00,2.78,-0.00
2.00,1.00,21.00,2.65,-0.43
2.00,0.00,32.00,3.15,-0.03
2.00,1.00,30.00,3.35,0.65
2.00,0.00,41.00,2.49,1.31
2.00,1.00,34.00,3.22,-0.80
2.00,0.00,28.00,2.64,-0.97
2.00,0.00,37.00,2.86,-0.30
2.00,1.00,32.00,2.70,-1.36
2.00,1.00,28.00,3.36,1.76
2.00,0.00,40.00,3.01,0.27
2.00,0.00,33.00,2.83,1.01
2.00,1.00,37.00,3.05,0.82
2.00,0.00,29.00,2.95,0.71
2.00,0.00,26.00,2.68,-2.43
2.00,1.00,37.00,3.36,1.24
2.00,1.00,29.00,2.57,-1.68
2.00,0.00,28.00,3.58,-0.53
2.00,0.00,29.00,2.63,0.49
2.00,0.00,37.00,3.10,0.75
2.00,1.00,26.00,2.88,-0.81
2.00,0.00,21.00,3.08,0.12
2.00,1.00,33.00,3.55,-0.35
2.00,0.00,33.00,2.89,-0.48
2.00,1.00,30.00,2.90,0.38
2.00,0.00,24.00,3.12,0.21
2.00,0.00,27.00,2.71,-0.30
2.00,1.00,25.00,2.65,-0.24
2.00,1.00,37.00,2.42,0.98
2.00,0.00,34.00,3.39,0.30
2.00,0.00,25.00,2.80,-0.34
2.00,0.00,36.00,2.64,-0.34
2.00,1.00,29.00,2.81,-1.20
2.00,0.00,22.00,2.93,0.61
2.00,1.00,29.00,3.41,-0.36
2.00,0.00,27.00,3.13,-1.62
2.00,1.00,41.00,2.74,-0.57
2.00,0.00,21.00,3.03,-0.90
2.00,1.00,39.00,3.41,1.48
2.00,1.00,34.00,2.74,-0.47
2.00,0.00,42.00,3.05,1.02
2.00,0.00,42.00,2.86,0.47
2.00,0.00,36.00,3.20,0.08
2.00,0.00,28.00,2.59,-1.25
2.00,1.00,52.00,2.83,0.74
2.00,1.00,31.00,2.84,1.61
2.00,1.00,46.00,3.24,1.47
2.00,1.00,30.00,2.77,0.79
2.00,0.00,41.00,3.31,1.46
2.00,1.00,33.00,3.15,0.59
2.00,1.00,38.00,2.01,-2.43
2.00,0.00,22.00,3.03,1.10
2.00,0.00,30.00,3.06,-0.95
2.00,1.00,38.00,2.98,-0.35
2.00,0.00,30.00,2.31,-0.10
2.00,0.00,35.00,3.40,0.53
2.00,1.00,41.00,2.81,-1.67
2.00,1.00,34.00,3.37,0.33
2.00,1.00,32.00,3.37,0.66
2.00,1.00,31.00,3.17,-0.70
2.00,0.00,40.00,3.74,1.06
2.00,0.00,31.00,3.42,0.54
2.00,0.00,31.00,4.01,-0.65
2.00,1.00,37.00,3.30,-0.11
2.00,0.00,30.00,3.25,-0.60
2.00,0.00,37.00,1.86,1.55
2.00,0.00,29.00,2.93,-0.14
2.00,1.00,40.00,2.84,1.62
2.00,1.00,33.00,3.20,0.26
2.00,0.00,24.00,3.42,0.78
2.00,1.00,40.00,2.56,1.30
2.00,1.00,33.00,3.11,0.48
2.00,1.00,25.00,2.84,0.06
2.00,0.00,29.00,3.14,-0.66
2.00,0.00,29.00,2.87,0.26
2.00,0.00,47.00,3.92,-1.37
2.00,0.00,31.00,2.80,0.27
2.00,0.00,27.00,2.94,-1.02
2.00,1.00,32.00,2.78,-1.46
2.00,1.00,33.00,2.86,0.10
2.00,1.00,32.00,3.76,-0.78
2.00,0.00,38.00,2.87,-0.76
2.00,0.00,34.00,3.15,-1.10
2.00,0.00,24.00,3.69,0.16
2.00,1.00,26.00,2.81,2.48
2.00,0.00,29.00,2.77,1.26
2.00,0.00,29.00,3.14,1.15
2.00,0.00,35.00,2.75,-0.14
2.00,1.00,32.00,3.27,-0.09
2.00,0.00,31.00,1.78,-2.90
2.00,1.00,38.00,3.00,-0.70
2.00,0.00,28.00,2.66,-0.51
2.00,1.00,28.00,2.66,0.32
2.00,0.00,41.00,3.38,-0.93
2.00,0.00,30.00,3.42,2.67
2.00,0.00,32.00,3.44,2.10
2.00,0.00,36.00,3.41,0.42
2.00,1.00,33.00,3.26,0.20
2.00,0.00,23.00,2.93,0.51
2.00,0.00,37.00,3.01,0.09
2.00,1.00,33.00,3.11,-1.24
2.00,1.00,33.00,2.74,0.27
2.00,1.00,24.00,2.81,-1.55
2.00,0.00,32.00,2.68,0.82
2.00,0.00,29.00,2.54,-0.83
2.00,1.00,36.00,3.14,-1.02
2.00,0.00,35.00,2.96,0.73
2.00,0.00,43.00,2.91,-0.22
2.00,0.00,37.00,3.16,0.19
2.00,1.00,32.00,2.48,-2.42
2.00,0.00,26.00,2.73,-1.46
2.00,1.00,27.00,2.75,0.62
2.00,0.00,21.00,3.07,0.49
2.00,0.00,28.00,3.59,-0.38
2.00,1.00,38.00,3.76,0.16
2.00,1.00,32.00,2.69,-0.54
2.00,0.00,39.00,2.91,0.41
2.00,0.00,20.00,2.38,-0.23
2.00,1.00,25.00,3.09,-1.15
2.00,0.00,34.00,2.81,0.06
2.00,1.00,30.00,3.37,0.47
2.00,1.00,47.00,1.67,-0.54
2.00,0.00,32.00,3.44,-0.42
2.00,1.00,45.00,2.62,-0.13
2.00,1.00,31.00,1.85,0.85
2.00,0.00,31.00,2.42,-0.60
2.00,0.00,28.00,3.23,0.14
2.00,1.00,27.00,3.30,-0.60
2.00,0.00,37.00,3.18,0.50
2.00,0.00,25.00,2.90,0.85
2.00,1.00,26.00,2.74,0.38
2.00,1.00,38.00,3.25,-0.07
2.00,1.00,36.00,2.59,0.58
2.00,0.00,37.00,3.25,0.48
2.00,0.00,30.00,3.36,1.61
2.00,1.00,37.00,3.60,-1.24
2.00,1.00,30.00,3.41,0.51
2.00,1.00,26.00,2.57,1.56
2.00,0.00,34.00,3.31,0.33
2.00,1.00,37.00,3.16,1.29
2.00,1.00,40.00,2.67,1.26
2.00,1.00,34.00,3.33,-0.50
2.00,0.00,44.00,4.00,1.31
2.00,1.00,30.00,2.84,-0.89
2.00,0.00,30.00,2.92,-0.34
2.00,1.00,39.00,2.96,-1.16
2.00,0.00,31.00,3.31,2.12
2.00,1.00,44.00,2.93,0.14
2.00,0.00,30.00,2.89,0.16
2.00,0.00,36.00,2.81,-0.43
2.00,1.00,40.00,3.41,-0.15
2.00,0.00,38.00,2.30,0.23
2.00,0.00,34.00,2.84,0.38
2.00,1.00,25.00,2.94,1.87
2.00,1.00,40.00,2.88,0.91
2.00,0.00,41.00,3.06,0.53
2.00,0.00,38.00,2.87,-0.34
2.00,0.00,30.00,3.04,-0.00
2.00,1.00,33.00,2.55,-1.02
2.00,1.00,32.00,3.23,0.33
2.00,0.00,30.00,3.15,0.48
2.00,1.00,34.00,2.52,0.15
2.00,0.00,35.00,3.31,-0.70
2.00,1.00,32.00,3.02,2.19
2.00,0.00,33.00,2.99,1.00
2.00,1.00,38.00,2.62,0.42
2.00,1.00,32.00,2.56,-1.07
2.00,0.00,28.00,3.54,-0.61
2.00,1.00,32.00,2.38,2.79
2.00,0.00,38.00,2.56,0.23
2.00,0.00,24.00,3.66,-0.16
2.00,0.00,32.00,3.37,-0.08
2.00,1.00,40.00,3.29,1.01
2.00,1.00,46.00,3.14,-0.60
2.00,1.00,40.00,3.27,-0.54
2.00,1.00,32.00,3.05,1.13
2.00,1.00,21.00,1.94,0.62
2.00,0.00,33.00,3.54,1.20
2.00,0.00,22.00,2.87,0.87
2.00,1.00,31.00,2.99,0.72
2.00,1.00,22.00,3.15,-0.78
2.00,1.00,27.00,2.84,0.60
2.00,1.00,34.00,3.37,0.70
2.00,0.00,31.00,3.32,-0.05
2.00,1.00,33.00,2.56,0.61
2.00,1.00,28.00,2.48,0.21
2.00,1.00,31.00,3.48,0.33
2.00,0.00,23.00,2.93,1.03
2.00,1.00,42.00,3.37,-0.30
2.00,1.00,21.00,2.45,-0.64
2.00,0.00,24.00,2.44,-0.07
2.00,0.00,29.00,3.14,0.45
2.00,0.00,31.00,3.31,-0.58
2.00,1.00,31.00,3.15,0.89
2.00,1.00,36.00,3.29,1.74
2.00,0.00,26.00,3.01,-0.79
2.00,0.00,39.00,2.79,-1.15
2.00,1.00,27.00,2.50,0.02
2.00,0.00,30.00,3.08,-0.73
2.00,1.00,32.00,2.24,-1.21
2.00,0.00,31.00,3.79,1.89
2.00,0.00,27.00,3.14,0.11
2.00,0.00,28.00,3.19,0.72
2.00,0.00,26.00,3.45,1.05
2.00,0.00,29.00,3.11,1.31
2.00,0.00,33.00,2.64,-0.72
2.00,0.00,23.00,3.07,0.13
2.00,1.00,38.00,3.02,-0.58
2.00,1.00,34.00,2.85,-2.02
2.00,1.00,31.00,2.97,-0.60
2.00,1.00,39.00,3.45,-0.16
2.00,1.00,33.00,2.90,-0.45
2.00,0.00,19.00,3.66,-0.05
2.00,0.00,31.00,2.42,1.26
2.00,1.00,28.00,3.50,0.17
2.00,1.00,36.00,3.34,-0.99
2.00,0.00,28.00,3.11,-0.69
2.00,0.00,29.00,2.38,-1.90
2.00,0.00,37.00,2.85,0.51
2.00,1.00,32.00,2.86,-1.14
2.00,1.00,24.00,2.17,-0.58
2.00,0.00,37.00,3.35,-0.95
2.00,0.00,19.00,2.42,0.44
2.00,1.00,30.00,3.37,-0.76
2.00,0.00,22.00,2.59,0.69
2.00,1.00,36.00,3.17,-0.81
2.00,1.00,22.00,3.16,0.02
2.00,1.00,35.00,2.56,1.91
2.00,1.00,40.00,4.01,-1.49
2.00,0.00,26.00,2.35,0.31
2.00,1.00,41.00,3.04,0.46
2.00,0.00,35.00,2.64,1.05
2.00,0.00,39.00,1.82,-1.19
2.00,0.00,34.00,3.42,0.46
2.00,1.00,42.00,2.85,0.60
2.00,0.00,28.00,2.62,-2.05
2.00,1.00,27.00,2.77,0.17
2.00,1.00,30.00,2.78,0.42
2.00,0.00,36.00,3.11,0.45
2.00,0.00,33.00,3.71,0.09
2.00,0.00,30.00,2.85,-0.27
2.00,0.00,35.00,2.86,0.86
2.00,0.00,28.00,3.25,-0.63
2.00,0.00,40.00,3.26,-0.53
2.00,0.00,26.00,1.98,0.32
2.00,1.00,29.00,2.89,0.40
2.00,1.00,35.00,2.63,0.27
2.00,0.00,39.00,3.39,2.39
2.00,0.00,38.00,3.21,0.60
2.00,1.00,23.00,3.11,-0.19
2.00,0.00,36.00,3.84,1.10
2.00,0.00,31.00,2.57,1.91
2.00,0.00,39.00,2.49,0.44
2.00,1.00,32.00,1.95,0.91
2.00,1.00,30.00,2.84,-1.01
2.00,1.00,37.00,3.27,0.54
2.00,0.00,32.00,2.62,-1.37
2.00,1.00,34.00,2.54,-0.69
2.00,0.00,43.00,2.74,0.54
2.00,1.00,37.00,3.45,0.26
2.00,1.00,30.00,3.19,-1.12
2.00,1.00,32.00,2.84,-0.01
2.00,0.00,39.00,3.88,1.56
2.00,0.00,39.00,3.63,0.53
2.00,1.00,27.00,3.17,0.77
2.00,1.00,37.00,3.09,-2.50
2.00,1.00,33.00,3.65,1.61
2.00,0.00,31.00,3.11,-0.18
2.00,1.00,35.00,3.57,1.62
2.00,0.00,32.00,3.74,3.00
2.00,0.00,36.00,2.78,1.01
2.00,1.00,23.00,3.68,0.36
2.00,1.00,34.00,2.77,-0.45
2.00,1.00,36.00,3.75,-0.21
2.00,0.00,34.00,3.44,-0.90
2.00,0.00,31.00,2.97,-0.27
2.00,1.00,33.00,3.21,0.47
2.00,1.00,35.00,2.82,-1.11
2.00,0.00,38.00,3.62,0.98
2.00,0.00,39.00,3.92,0.44
2.00,1.00,33.00,2.26,0.23
2.00,0.00,28.00,3.11,-0.05
2.00,1.00,27.00,3.55,1.91
2.00,1.00,26.00,3.28,-1.08
2.00,0.00,48.00,3.99,0.35
2.00,1.00,34.00,3.13,2.03
2.00,0.00,40.00,2.46,-0.54
2.00,1.00,37.00,3.76,0.20
2.00,0.00,35.00,3.42,1.27
2.00,0.00,28.00,3.16,0.64
2.00,0.00,41.00,3.40,0.08
2.00,1.00,35.00,3.10,0.66
2.00,0.00,32.00,3.17,0.83
2.00,0.00,34.00,3.13,0.07
2.00,0.00,39.00,4.15,0.73
2.00,1.00,31.00,3.04,1.36
2.00,0.00,36.00,3.30,1.88
2.00,0.00,33.00,2.74,-0.99
2.00,1.00,39.00,3.85,1.13
2.00,1.00,29.00,2.75,1.03
2.00,1.00,39.00,2.99,-0.57
2.00,0.00,23.00,3.14,0.33
2.00,0.00,32.00,3.56,1.29
2.00,1.00,39.00,3.45,0.13
2.00,0.00,30.00,2.59,0.88
2.00,0.00,30.00,2.62,0.93
2.00,1.00,36.00,2.98,0.69
2.00,0.00,35.00,2.69,0.76
2.00,1.00,25.00,3.00,-0.97
2.00,1.00,29.00,2.92,2.83
2.00,1.00,34.00,2.93,-0.44
2.00,1.00,31.00,3.48,-0.03
2.00,0.00,27.00,3.73,1.47
2.00,0.00,27.00,2.57,-0.55
2.00,0.00,22.00,3.15,-0.87
2.00,0.00,29.00,2.33,0.21
2.00,1.00,26.00,2.78,-0.78
2.00,1.00,39.00,2.81,-0.75
2.00,0.00,28.00,2.88,0.60
2.00,0.00,40.00,3.08,-0.33
2.00,1.00,39.00,2.84,0.05
2.00,0.00,34.00,3.13,-1.00
2.00,1.00,28.00,3.06,0.97
2.00,0.00,32.00,2.91,-2.18
2.00,0.00,28.00,2.75,1.26
2.00,0.00,29.00,2.95,-1.23
2.00,1.00,34.00,3.09,-1.66
2.00,1.00,28.00,2.22,0.64
2.00,0.00,33.00,3.24,-0.79
2.00,1.00,33.00,3.57,-0.37
2.00,0.00,31.00,3.34,-2.40
2.00,0.00,27.00,3.03,-0.83
2.00,0.00,29.00,3.09,2.26
2.00,0.00,41.00,3.46,0.84
2.00,0.00,30.00,3.28,-0.04
2.00,0.00,36.00,3.23,0.72
2.00,1.00,18.00,1.82,-0.19
2.00,0.00,33.00,2.55,-2.17
2.00,1.00,32.00,2.97,-0.44
2.00,1.00,22.00,2.80,0.37
2.00,1.00,33.00,3.12,-0.48
2.00,1.00,23.00,2.76,-0.68
2.00,0.00,34.00,3.18,0.61
2.00,0.00,36.00,3.20,0.28
2.00,0.00,36.00,3.11,-0.42
2.00,1.00,41.00,3.25,-1.26
2.00,0.00,40.00,3.10,-0.73
2.00,1.00,39.00,2.82,-1.00
2.00,0.00,35.00,3.13,-0.59
2.00,0.00,28.00,2.34,-0.62
2.00,0.00,29.00,2.84,-0.81
2.00,1.00,28.00,3.38,-0.11
2.00,1.00,22.00,2.95,1.68
2.00,1.00,35.00,2.24,-0.38
2.00,1.00,35.00,3.44,-0.26
2.00,0.00,38.00,2.98,-1.75
2.00,1.00,37.00,2.71,-0.00
2.00,1.00,34.00,2.83,1.35
2.00,1.00,26.00,3.68,0.07
2.00,0.00,31.00,3.45,-0.48
2.00,0.00,38.00,2.98,0.80
2.00,0.00,37.00,3.23,0.89
2.00,0.00,41.00,3.84,-0.20
2.00,0.00,29.00,2.58,-1.93
2.00,1.00,29.00,2.68,-0.95
2.00,1.00,29.00,3.71,1.04
2.00,1.00,36.00,2.84,0.03
2.00,0.00,33.00,3.10,-0.27
2.00,0.00,34.00,3.09,0.56
2.00,0.00,34.00,3.21,1.35
2.00,1.00,24.00,2.87,-0.20
2.00,0.00,28.00,3.44,0.38
2.00,1.00,28.00,3.67,0.84
2.00,0.00,26.00,3.21,2.04
2.00,1.00,30.00,3.15,-0.32
2.00,1.00,25.00,2.18,-0.92
2.00,0.00,23.00,3.02,0.89
2.00,1.00,33.00,2.79,-0.14
2.00,0.00,40.00,3.18,0.45
2.00,0.00,39.00,2.22,1.15
2.00,1.00,27.00,2.65,-1.51
2.00,0.00,34.00,3.67,2.04
2.00,1.00,33.00,3.08,1.50
2.00,1.00,23.00,3.70,1.91
2.00,0.00,38.00,3.47,0.79
2.00,0.00,31.00,2.54,-0.11
2.00,1.00,32.00,2.30,-1.67
2.00,0.00,43.00,3.18,0.49
2.00,0.00,30.00,2.86,0.18
2.00,0.00,34.00,3.94,0.61
2.00,0.00,33.00,2.97,0.22
2.00,1.00,39.00,2.89,1.38
2.00,0.00,32.00,3.44,-0.71
2.00,1.00,20.00,3.65,0.34
2.00,1.00,32.00,2.29,0.67
2.00,0.00,37.00,3.54,0.70
2.00,1.00,35.00,2.83,0.06
2.00,0.00,30.00,2.75,-1.04
2.00,0.00,31.00,3.27,-1.28
2.00,1.00,31.00,3.22,-1.43
2.00,0.00,36.00,3.08,0.49
2.00,0.00,30.00,3.15,-0.29
2.00,0.00,26.00,2.13,-0.75
2.00,1.00,28.00,2.10,1.54
2.00,0.00,24.00,3.04,-0.96
2.00,1.00,37.00,3.31,0.59
2.00,1.00,37.00,3.52,-1.01
2.00,1.00,33.00,3.08,-0.58
2.00,0.00,36.00,3.17,-1.69
2.00,1.00,29.00,2.95,-0.45
2.00,0.00,26.00,3.19,-0.16
2.00,1.00,37.00,3.19,-1.09
2.00,0.00,36.00,2.98,1.04
2.00,1.00,27.00,3.04,0.68
2.00,0.00,32.00,3.17,0.59
2.00,1.00,29.00,3.02,-1.35
2.00,1.00,36.00,2.72,0.95
2.00,0.00,32.00,3.71,-0.28
2.00,1.00,38.00,2.61,0.24
2.00,0.00,31.00,2.77,-0.91
2.00,0.00,30.00,3.39,-0.18
2.00,0.00,27.00,3.07,-0.27
2.00,0.00,33.00,2.98,-1.54
2.00,1.00,37.00,3.24,-1.08
2.00,0.00,30.00,3.25,1.05
2.00,1.00,18.00,1.82,0.42
2.00,0.00,35.00,3.40,0.54
2.00,0.00,35.00,3.19,-0.04
2.00,1.00,33.00,3.41,1.70
2.00,0.00,33.00,3.70,0.83
2.00,1.00,31.00,2.61,1.76
2.00,1.00,36.00,2.53,-0.21
2.00,0.00,26.00,3.41,-0.42
2.00,0.00,29.00,3.08,-0.84
2.00,1.00,39.00,2.91,0.35
2.00,0.00,34.00,2.71,1.16
2.00,0.00,26.00,3.30,-1.46
2.00,1.00,47.00,3.18,-0.13
2.00,0.00,27.00,4.27,0.59
2.00,0.00,28.00,2.81,1.42
2.00,0.00,27.00,4.32,0.70
2.00,0.00,29.00,2.52,-0.34
2.00,1.00,41.00,2.60,1.16
2.00,1.00,38.00,3.18,0.38
2.00,0.00,27.00,2.60,0.35
2.00,0.00,28.00,2.42,0.68
2.00,1.00,38.00,2.73,-0.08
2.00,1.00,29.00,2.52,0.87
2.00,0.00,23.00,2.45,-1.25
2.00,0.00,32.00,3.63,-0.27
2.00,1.00,36.00,2.38,1.21
2.00,0.00,29.00,2.88,0.64
2.00,1.00,31.00,3.39,-0.51
2.00,1.00,30.00,2.45,-2.11
2.00,0.00,41.00,4.12,1.21
2.00,0.00,35.00,3.65,-0.11
2.00,1.00,46.00,3.18,1.14
2.00,0.00,22.00,3.69,0.94
2.00,1.00,38.00,3.70,-0.91
2.00,1.00,35.00,2.80,-2.41
2.00,1.00,35.00,2.23,0.50
2.00,0.00,46.00,2.91,-1.35
2.00,0.00,33.00,3.27,0.38
2.00,0.00,33.00,3.42,0.25
2.00,0.00,24.00,2.66,-1.94
2.00,1.00,26.00,2.71,-0.80
2.00,1.00,37.00,3.09,0.81
2.00,0.00,33.00,3.26,0.00
2.00,1.00,24.00,2.03,-1.45
2.00,1.00,28.00,2.59,0.15
2.00,0.00,39.00,2.56,-0.58
2.00,1.00,32.00,3.60,-0.65
2.00,0.00,26.00,2.83,1.03
2.00,0.00,17.00,2.13,0.86
2.00,1.00,36.00,3.25,1.58
2.00,1.00,31.00,3.37,-0.29
2.00,1.00,27.00,3.03,1.10
2.00,1.00,37.00,3.25,0.02
2.00,1.00,30.00,3.17,1.71
2.00,1.00,32.00,3.01,1.06
2.00,1.00,36.00,3.21,0.41
2.00,0.00,32.00,3.14,-0.09
2.00,0.00,37.00,2.41,0.08
2.00,1.00,30.00,3.03,0.15
2.00,0.00,29.00,3.46,-0.84
2.00,1.00,34.00,3.33,-0.24
2.00,1.00,29.00,3.30,-1.37
2.00,0.00,23.00,3.30,-1.11
2.00,1.00,40.00,3.28,1.14
2.00,0.00,34.00,3.20,0.14
2.00,0.00,44.00,3.26,-0.51
2.00,0.00,33.00,3.26,-0.01
2.00,0.00,30.00,2.73,0.30
2.00,1.00,36.00,2.92,-0.18
2.00,0.00,30.00,2.33,-1.18
2.00,1.00,29.00,2.76,0.08
2.00,1.00,36.00,2.65,1.11
2.00,1.00,36.00,3.28,1.63
2.00,0.00,24.00,2.33,0.54
2.00,1.00,37.00,3.27,1.23
2.00,0.00,35.00,2.95,-0.88
2.00,0.00,25.00,2.77,-0.61
2.00,0.00,26.00,2.79,-1.85
2.00,0.00,39.00,3.30,0.44
2.00,1.00,28.00,2.78,-1.19
2.00,0.00,29.00,3.08,-0.27
2.00,0.00,19.00,2.59,1.40
2.00,0.00,26.00,3.21,-0.12
2.00,0.00,41.00,3.57,0.99
2.00,0.00,40.00,2.76,0.44
2.00,0.00,26.00,3.23,0.41
2.00,1.00,37.00,3.37,1.31
2.00,0.00,29.00,3.29,0.18
2.00,1.00,34.00,3.56,-0.66
2.00,0.00,39.00,3.05,0.11
2.00,1.00,33.00,2.60,-1.03
2.00,0.00,31.00,3.16,2.55
2.00,1.00,32.00,2.68,1.18
2.00,0.00,42.00,2.80,-0.74
2.00,1.00,30.00,2.63,-2.26
2.00,1.00,29.00,2.72,0.29
2.00,0.00,39.00,2.14,1.74
2.00,1.00,33.00,2.60,0.40
2.00,1.00,30.00,3.30,0.01
2.00,0.00,37.00,3.85,0.09
2.00,0.00,35.00,3.09,-0.80
2.00,0.00,43.00,3.90,1.31
2.00,0.00,34.00,2.97,1.05
2.00,1.00,25.00,2.44,1.63
2.00,1.00,38.00,2.74,0.09
2.00,0.00,32.00,3.13,0.02
2.00,1.00,30.00,2.55,1.13
2.00,0.00,43.00,3.22,0.42
2.00,0.00,35.00,3.11,0.25
2.00,1.00,38.00,3.43,-0.07
2.00,0.00,34.00,3.13,-0.13
2.00,0.00,25.00,3.43,-0.83
2.00,1.00,34.00,2.64,-0.31
2.00,1.00,33.00,2.90,0.53
2.00,1.00,36.00,2.81,0.48
2.00,1.00,32.00,2.74,-1.85
2.00,1.00,35.00,2.24,0.37
2.00,1.00,27.00,2.39,0.54
2.00,1.00,30.00,3.27,-0.18
2.00,1.00,41.00,3.07,-0.28
2.00,0.00,26.00,2.47,0.17
2.00,0.00,39.00,3.83,-1.03
2.00,1.00,39.00,3.01,-1.50
2.00,0.00,29.00,3.20,0.00
2.00,0.00,24.00,2.90,0.42
2.00,0.00,32.00,2.36,0.33
2.00,1.00,34.00,3.31,-0.76
2.00,0.00,36.00,2.83,-0.73
2.00,1.00,41.00,2.58,-0.56
2.00,0.00,33.00,3.33,-0.63
2.00,1.00,47.00,2.48,-1.39
2.00,1.00,18.00,2.46,-1.65
2.00,0.00,23.00,2.74,-0.06
2.00,1.00,29.00,2.11,0.31
2.00,1.00,31.00,2.45,-0.59
2.00,1.00,33.00,2.46,-0.28
2.00,1.00,35.00,3.06,1.45
2.00,1.00,48.00,3.36,1.01
2.00,0.00,42.00,3.64,0.58
2.00,1.00,35.00,3.33,0.74
2.00,0.00,37.00,2.86,-2.23
2.00,0.00,27.00,3.93,-0.58
2.00,0.00,32.00,2.95,0.79
2.00,1.00,41.00,2.42,0.39
2.00,1.00,33.00,3.17,-0.27
2.00,1.00,31.00,2.24,-1.15
2.00,0.00,30.00,2.79,-0.21
2.00,1.00,32.00,2.13,0.13
2.00,1.00,22.00,1.39,-1.96
2.00,1.00,40.00,3.50,1.96
2.00,0.00,40.00,3.03,0.04
2.00,1.00,29.00,2.80,0.97
2.00,0.00,33.00,3.26,0.20
2.00,0.00,26.00,3.12,-0.75
2.00,0.00,21.00,2.05,-0.40
2.00,1.00,34.00,2.66,-2.35
2.00,1.00,19.00,2.83,-1.27
2.00,0.00,32.00,2.78,0.76
2.00,1.00,26.00,2.63,-0.20
2.00,0.00,26.00,3.56,1.04
2.00,1.00,37.00,3.05,-1.05
2.00,1.00,35.00,2.74,-0.98
2.00,1.00,25.00,2.60,0.56
2.00,1.00,19.00,3.21,-2.74
2.00,1.00,41.00,3.06,-0.58
2.00,0.00,38.00,3.22,-0.02
2.00,0.00,48.00,2.85,1.73
2.00,0.00,38.00,2.94,0.76
2.00,0.00,29.00,2.64,0.99
2.00,1.00,38.00,2.38,-1.19
2.00,0.00,23.00,2.67,0.80
2.00,1.00,35.00,3.41,-0.45
2.00,0.00,28.00,2.78,-0.22
2.00,0.00,46.00,3.44,-1.23
2.00,0.00,39.00,2.75,1.47
2.00,1.00,30.00,3.47,-0.12
2.00,1.00,37.00,4.06,2.54
2.00,0.00,29.00,3.90,-0.29
2.00,0.00,43.00,3.76,-1.36
2.00,0.00,35.00,3.14,1.33
2.00,0.00,32.00,3.43,1.43
2.00,1.00,23.00,2.74,0.25
2.00,0.00,28.00,2.67,0.41
2.00,0.00,41.00,3.37,0.97
2.00,0.00,37.00,3.20,0.30
2.00,0.00,30.00,3.16,0.59
2.00,0.00,32.00,2.61,0.72
2.00,0.00,39.00,3.90,0.79
2.00,1.00,50.00,3.40,1.04
2.00,0.00,36.00,3.31,-1.33
2.00,1.00,41.00,3.65,-0.63
2.00,0.00,40.00,2.84,0.07
2.00,1.00,49.00,3.07,-1.84
2.00,0.00,32.00,3.80,1.70
2.00,0.00,42.00,2.82,-1.12
2.00,1.00,43.00,2.68,-0.59
2.00,1.00,29.00,2.48,-0.30
2.00,1.00,25.00,2.91,-0.14
2.00,1.00,38.00,2.84,0.86
2.00,0.00,29.00,3.34,0.80
2.00,0.00,31.00,2.91,-1.31
2.00,0.00,44.00,3.22,-1.22
2.00,0.00,37.00,3.06,-1.67
2.00,0.00,33.00,2.98,-0.44
2.00,1.00,30.00,3.71,1.03
2.00,1.00,29.00,3.08,-0.30
2.00,0.00,32.00,3.02,-0.36
2.00,0.00,31.00,3.97,0.41
2.00,0.00,38.00,3.01,-0.77
2.00,0.00,36.00,2.98,-1.38
2.00,0.00,30.00,2.90,2.23
2.00,0.00,29.00,3.84,0.80
2.00,1.00,28.00,2.48,0.25
2.00,1.00,45.00,3.33,0.22
2.00,0.00,27.00,1.84,0.62
2.00,0.00,52.00,4.11,-0.00
2.00,1.00,28.00,3.90,0.30
2.00,1.00,32.00,2.32,0.22
2.00,0.00,23.00,2.72,0.81
2.00,0.00,32.00,3.00,0.57
2.00,0.00,30.00,2.79,-1.03
2.00,1.00,32.00,2.81,-0.01
2.00,1.00,35.00,2.58,0.63
2.00,1.00,38.00,3.69,1.07
2.00,0.00,42.00,3.22,-0.59
2.00,1.00,35.00,3.13,0.63
2.00,1.00,26.00,3.39,0.20
2.00,0.00,32.00,3.44,-1.52
2.00,0.00,32.00,3.45,-0.01
2.00,1.00,29.00,2.34,-1.67
2.00,0.00,29.00,3.41,0.18
2.00,1.00,37.00,2.64,-0.21
2.00,0.00,47.00,3.29,0.13
2.00,0.00,28.00,2.63,-0.60
2.00,0.00,37.00,2.85,0.28
2.00,1.00,25.00,2.85,-0.31
2.00,0.00,38.00,2.72,-0.22
2.00,0.00,39.00,3.08,2.35
2.00,1.00,33.00,2.60,-0.14
2.00,1.00,30.00,3.24,0.68
2.00,1.00,34.00,2.62,-0.44
2.00,0.00,30.00,3.17,-1.37
2.00,1.00,36.00,3.16,1.07
2.00,1.00,33.00,2.85,0.83
2.00,0.00,38.00,2.64,0.14
2.00,1.00,36.00,2.15,-0.82
2.00,0.00,30.00,2.88,-0.40
2.00,0.00,33.00,4.03,0.06
2.00,0.00,35.00,3.74,-0.35
2.00,0.00,30.00,2.71,-2.61
2.00,0.00,27.00,2.75,0.07
2.00,0.00,17.00,2.67,0.89
2.00,0.00,30.00,3.12,0.09
2.00,1.00,31.00,2.88,-0.41
2.00,1.00,25.00,3.04,-0.10
2.00,0.00,28.00,2.90,-0.34
2.00,1.00,34.00,2.55,-0.14
2.00,0.00,42.00,3.11,-0.57
2.00,0.00,29.00,2.18,-1.00
2.00,1.00,20.00,2.88,-1.55
2.00,0.00,36.00,3.49,3.12
2.00,0.00,40.00,3.10,1.00
2.00,1.00,33.00,2.58,-0.46
2.00,1.00,27.00,3.34,-1.45
2.00,0.00,33.00,3.45,1.23
2.00,1.00,30.00,2.22,-0.68
2.00,1.00,36.00,2.97,-1.64
2.00,1.00,39.00,3.33,-0.21
2.00,0.00,35.00,3.22,2.27
2.00,1.00,28.00,3.46,-0.12
2.00,1.00,40.00,2.97,-0.63
2.00,0.00,30.00,3.59,-0.44
2.00,0.00,27.00,3.30,0.91
2.00,1.00,34.00,2.77,-1.58
2.00,0.00,28.00,3.46,-0.78
2.00,1.00,41.00,3.08,-1.81
2.00,1.00,32.00,3.11,-0.16
2.00,1.00,31.00,2.66,0.81
2.00,0.00,39.00,3.41,-1.55
2.00,0.00,34.00,3.52,1.38
2.00,1.00,34.00,3.17,-0.32
2.00,0.00,31.00,2.59,-1.20
2.00,0.00,34.00,3.54,0.18
2.00,1.00,35.00,3.33,0.19
2.00,0.00,29.00,2.95,-0.99
2.00,0.00,30.00,2.84,0.63
2.00,1.00,29.00,2.99,1.45
2.00,1.00,34.00,2.73,-1.39
2.00,1.00,39.00,3.03,0.63
2.00,1.00,29.00,2.47,-0.11
2.00,1.00,35.00,3.37,-0.62
2.00,0.00,33.00,2.97,-0.06
2.00,0.00,25.00,3.44,-1.18
2.00,0.00,38.00,2.25,1.18
2.00,0.00,32.00,2.68,-0.44
2.00,0.00,31.00,2.26,-0.00
2.00,1.00,44.00,3.44,-0.42
2.00,0.00,35.00,3.04,1.39
2.00,1.00,44.00,2.99,-0.38
2.00,0.00,31.00,2.92,-0.51
2.00,1.00,32.00,2.78,0.25
2.00,0.00,33.00,3.01,0.24
2.00,1.00,28.00,3.24,-0.11
2.00,1.00,37.00,3.26,0.06
2.00,0.00,22.00,2.53,-1.06
2.00,0.00,23.00,2.81,-0.47
2.00,0.00,33.00,3.72,1.30
2.00,0.00,30.00,3.01,-1.31
2.00,0.00,38.00,2.85,1.82
2.00,0.00,22.00,2.25,0.58
2.00,0.00,37.00,2.55,0.90
2.00,0.00,36.00,3.47,1.31
2.00,1.00,33.00,3.72,0.99
2.00,1.00,30.00,3.61,0.95
2.00,0.00,27.00,2.86,-0.98
2.00,0.00,29.00,2.86,-0.01
2.00,0.00,30.00,3.32,-0.11
2.00,0.00,29.00,2.85,-1.06
2.00,0.00,22.00,3.34,-1.81
2.00,1.00,42.00,2.94,0.32
2.00,1.00,51.00,3.50,-0.14
2.00,0.00,31.00,3.19,1.12
2.00,1.00,31.00,2.89,-0.75
2.00,1.00,34.00,2.64,-0.17
2.00,1.00,23.00,3.03,1.24
2.00,1.00,30.00,2.93,1.04
2.00,0.00,34.00,3.53,-1.18
2.00,1.00,39.00,3.24,0.81
2.00,0.00,31.00,3.17,-0.67
2.00,1.00,26.00,3.38,0.99
2.00,0.00,27.00,3.11,-1.23
2.00,0.00,34.00,2.78,1.32
2.00,1.00,36.00,3.43,0.77
2.00,0.00,29.00,2.04,1.74
2.00,1.00,29.00,2.14,0.27
2.00,0.00,26.00,2.77,-0.30
2.00,0.00,34.00,3.04,0.14
2.00,1.00,29.00,2.78,-1.92
2.00,1.00,27.00,3.12,1.14
2.00,0.00,41.00,3.19,-1.49
2.00,1.00,34.00,2.05,-1.62
2.00,1.00,36.00,2.63,0.00
2.00,0.00,27.00,3.18,-0.34
2.00,0.00,36.00,2.80,0.95
2.00,0.00,35.00,2.93,0.06
2.00,1.00,44.00,3.67,1.68
2.00,0.00,40.00,3.85,-0.50
2.00,1.00,31.00,2.49,1.12
2.00,1.00,33.00,2.38,0.68
2.00,0.00,28.00,3.47,-3.27
2.00,1.00,28.00,3.18,-0.01
2.00,0.00,38.00,3.86,-0.06
2.00,0.00,28.00,3.32,-0.63
2.00,1.00,40.00,3.49,-1.24
2.00,1.00,48.00,3.51,1.04
2.00,1.00,36.00,2.99,0.51
2.00,1.00,38.00,3.36,-0.39
2.00,1.00,26.00,2.82,-0.97
2.00,1.00,38.00,3.63,0.31
2.00,0.00,38.00,3.44,-0.23
2.00,0.00,28.00,2.42,-1.02
2.00,0.00,28.00,3.34,0.03
2.00,0.00,38.00,2.95,-0.29
2.00,0.00,25.00,2.61,-0.47
2.00,0.00,35.00,3.26,-0.87
2.00,1.00,33.00,2.73,-1.16
2.00,1.00,38.00,2.64,-2.86
2.00,1.00,33.00,3.11,-1.45
2.00,0.00,35.00,4.04,0.48
2.00,0.00,32.00,2.89,-0.66
2.00,0.00,34.00,2.99,1.35
2.00,0.00,35.00,2.51,-0.12
2.00,0.00,27.00,3.15,-1.42
2.00,1.00,25.00,3.35,0.39
2.00,0.00,28.00,2.86,0.20
2.00,1.00,26.00,3.41,-0.08
2.00,0.00,37.00,3.58,0.99
2.00,0.00,35.00,3.79,-0.51
2.00,0.00,27.00,2.66,0.61
2.00,1.00,28.00,3.08,-0.04
2.00,0.00,35.00,2.74,-0.94
2.00,1.00,32.00,3.12,0.20
2.00,1.00,40.00,3.19,1.91
2.00,1.00,31.00,3.17,0.80
2.00,0.00,37.00,3.11,-1.31
2.00,0.00,20.00,3.10,-0.10
2.00,1.00,27.00,2.70,0.68
2.00,1.00,32.00,2.51,0.29
2.00,1.00,30.00,2.35,1.25
2.00,1.00,32.00,2.59,0.40
2.00,0.00,25.00,2.66,-0.18
2.00,1.00,26.00,3.29,0.92
2.00,0.00,41.00,3.57,0.34
2.00,1.00,32.00,2.84,2.15
2.00,1.00,34.00,2.28,2.05
2.00,0.00,35.00,3.14,1.48
2.00,1.00,31.00,2.78,-0.63
2.00,0.00,33.00,3.45,0.18
2.00,1.00,35.00,2.86,-1.60
2.00,1.00,30.00,2.37,1.11
2.00,0.00,43.00,2.64,-0.25
2.00,0.00,35.00,3.83,-1.75
2.00,1.00,26.00,3.64,0.82
2.00,1.00,32.00,2.25,-1.35
2.00,0.00,25.00,3.44,-0.60
2.00,1.00,27.00,3.63,0.82
2.00,1.00,35.00,3.23,-0.54
2.00,1.00,38.00,2.26,-0.26
2.00,0.00,33.00,3.50,-0.18
2.00,0.00,26.00,3.29,1.42
2.00,1.00,34.00,3.10,-1.28
2.00,0.00,21.00,3.12,1.54
2.00,1.00,42.00,3.48,0.29
2.00,0.00,31.00,3.35,-0.04
2.00,0.00,24.00,2.64,0.47
2.00,0.00,27.00,2.54,0.30
2.00,1.00,41.00,3.00,0.23
2.00,1.00,34.00,3.36,1.00
2.00,1.00,34.00,2.50,0.39
2.00,1.00,41.00,2.31,-0.55
2.00,1.00,37.00,2.77,0.55
2.00,0.00,40.00,2.61,-0.82
2.00,0.00,38.00,2.27,0.15
2.00,1.00,32.00,2.94,1.77
2.00,0.00,26.00,2.54,0.58
2.00,0.00,39.00,2.95,-1.87
2.00,1.00,33.00,3.23,0.37
2.00,0.00,36.00,3.43,-0.22
2.00,0.00,26.00,1.98,-0.21
2.00,1.00,35.00,3.25,0.65
2.00,1.00,38.00,3.45,-1.70
2.00,0.00,32.00,2.95,0.74
2.00,0.00,28.00,3.29,-0.04
2.00,1.00,40.00,2.85,1.20
2.00,0.00,34.00,2.39,1.25
2.00,1.00,35.00,2.75,0.77
2.00,0.00,31.00,2.37,-0.75
2.00,1.00,39.00,3.51,0.71
2.00,1.00,32.00,2.44,-0.68
2.00,0.00,30.00,3.45,-0.73
2.00,1.00,30.00,2.57,-1.59
2.00,1.00,35.00,3.09,0.39
2.00,1.00,32.00,3.17,2.58
2.00,1.00,33.00,3.24,0.89
2.00,0.00,31.00,2.68,-0.57
2.00,0.00,55.00,3.07,0.46
2.00,0.00,31.00,2.34,-0.90
2.00,1.00,34.00,3.07,-0.20
2.00,1.00,16.00,3.77,-0.13
2.00,0.00,38.00,3.39,-0.12
2.00,1.00,31.00,3.01,-1.87
2.00,1.00,34.00,2.94,-0.15
2.00,1.00,37.00,2.69,-0.59
2.00,1.00,36.00,2.73,-0.29
2.00,0.00,32.00,3.78,0.11
2.00,1.00,37.00,2.92,-0.87
2.00,0.00,39.00,2.60,2.14
2.00,1.00,24.00,2.93,0.43
2.00,1.00,34.00,2.87,0.14
2.00,0.00,41.00,3.02,-1.71
2.00,0.00,26.00,3.02,-0.53
2.00,1.00,22.00,2.67,0.25
2.00,1.00,32.00,2.33,1.40
2.00,1.00,30.00,2.61,-1.13
2.00,0.00,36.00,2.88,0.41
2.00,0.00,32.00,2.88,0.48
2.00,1.00,45.00,3.90,-0.16
2.00,0.00,34.00,3.73,0.62
2.00,1.00,25.00,3.22,1.64
2.00,1.00,34.00,2.93,-0.55
2.00,1.00,30.00,3.14,0.20
2.00,0.00,34.00,3.18,-0.20
2.00,1.00,31.00,3.36,-0.54
2.00,0.00,26.00,3.36,0.29
2.00,1.00,30.00,3.15,0.84
2.00,1.00,36.00,3.10,-0.51
2.00,1.00,27.00,1.71,-2.75
2.00,0.00,30.00,2.71,0.63
2.00,1.00,32.00,3.83,0.47
2.00,0.00,35.00,3.89,2.16
2.00,0.00,38.00,3.12,-1.05
2.00,1.00,40.00,3.31,-0.89
2.00,1.00,30.00,2.66,1.15
2.00,0.00,38.00,2.99,0.22
2.00,0.00,24.00,2.91,-0.06
2.00,1.00,51.00,2.78,-0.98
2.00,0.00,47.00,3.31,0.85
2.00,1.00,28.00,2.45,0.62
2.00,0.00,27.00,3.66,-0.98
2.00,0.00,39.00,2.64,1.88
2.00,1.00,34.00,2.27,-0.58
2.00,0.00,32.00,3.35,0.32
2.00,1.00,36.00,2.66,-0.36
2.00,0.00,31.00,2.86,-2.23
2.00,1.00,38.00,2.35,0.47
2.00,1.00,44.00,2.51,0.54
2.00,0.00,44.00,2.46,-0.12
2.00,0.00,37.00,3.12,-0.18
2.00,0.00,34.00,3.34,-1.24
2.00,1.00,39.00,2.61,-1.35
2.00,0.00,31.00,2.83,0.36
2.00,0.00,31.00,2.87,0.82
2.00,0.00,27.00,2.79,-1.45
2.00,0.00,30.00,2.87,0.40
2.00,0.00,34.00,2.77,0.20
2.00,1.00,41.00,3.24,2.14
2.00,0.00,34.00,2.68,-0.03
2.00,0.00,47.00,3.43,0.27
2.00,1.00,31.00,2.93,-0.49
2.00,0.00,38.00,2.63,1.53
2.00,0.00,46.00,3.80,-0.07
2.00,1.00,37.00,2.74,1.71
2.00,0.00,36.00,3.22,0.54
2.00,1.00,35.00,2.99,0.36
2.00,0.00,33.00,3.34,-2.18
2.00,1.00,28.00,3.53,1.28
2.00,1.00,33.00,3.08,-0.11
2.00,1.00,31.00,2.23,-0.08
2.00,1.00,28.00,2.73,1.10
2.00,1.00,49.00,3.55,1.45
2.00,0.00,32.00,2.83,-1.70
2.00,1.00,31.00,3.50,-1.34
2.00,1.00,29.00,3.57,0.72
2.00,1.00,31.00,3.31,0.95
2.00,1.00,33.00,3.43,0.34
2.00,0.00,38.00,3.18,0.58
2.00,1.00,34.00,3.34,1.13
2.00,1.00,44.00,2.60,-0.69
2.00,0.00,28.00,3.26,-0.19
2.00,1.00,31.00,2.51,-0.82
2.00,0.00,35.00,3.03,-1.36
2.00,1.00,38.00,3.40,0.84
2.00,1.00,30.00,2.88,1.52
2.00,1.00,31.00,2.97,0.93
2.00,0.00,30.00,2.97,0.05
2.00,1.00,20.00,2.64,-1.16
2.00,1.00,34.00,3.34,0.74
2.00,0.00,21.00,3.55,-0.63
2.00,0.00,31.00,3.28,-0.70
2.00,0.00,30.00,2.84,0.93
2.00,0.00,32.00,2.34,-0.28
2.00,0.00,32.00,3.08,-0.69
2.00,0.00,37.00,2.84,-0.22
2.00,0.00,21.00,2.57,0.20
2.00,0.00,28.00,2.94,-1.33
2.00,1.00,40.00,2.84,0.21
2.00,1.00,25.00,3.13,-0.12
2.00,1.00,31.00,3.63,0.79
2.00,1.00,28.00,2.81,-0.28
2.00,0.00,37.00,2.62,1.55
2.00,1.00,31.00,3.24,0.70
2.00,1.00,33.00,2.48,-1.27
2.00,1.00,36.00,3.38,0.22
2.00,1.00,37.00,3.36,0.50
2.00,0.00,23.00,2.52,-1.66
2.00,0.00,31.00,2.60,-1.01
2.00,1.00,43.00,3.52,-0.54
2.00,1.00,48.00,3.57,2.05
2.00,0.00,44.00,2.55,-1.42
2.00,0.00,30.00,3.54,1.22
2.00,1.00,24.00,3.40,-0.05
2.00,1.00,33.00,2.56,0.36
2.00,0.00,43.00,2.92,1.44
2.00,1.00,28.00,2.99,1.27
2.00,0.00,28.00,3.29,0.74
2.00,1.00,37.00,2.53,0.24
2.00,0.00,35.00,3.22,-0.80
2.00,1.00,27.00,2.82,0.85
2.00,1.00,29.00,3.45,1.20
2.00,1.00,34.00,2.32,0.03
2.00,1.00,38.00,3.37,-0.91
2.00,1.00,45.00,3.74,0.11
2.00,1.00,28.00,3.23,-0.90
2.00,1.00,41.00,3.48,2.26
2.00,0.00,28.00,3.00,0.51
2.00,1.00,42.00,3.79,0.54
2.00,1.00,39.00,4.05,-1.09
2.00,1.00,33.00,2.85,0.74
2.00,0.00,31.00,3.06,0.55
2.00,1.00,40.00,2.84,0.76
2.00,0.00,24.00,2.54,0.70
2.00,1.00,25.00,3.16,-1.50
2.00,1.00,29.00,3.00,0.70
2.00,0.00,34.00,4.13,0.07
2.00,1.00,27.00,3.39,-0.65
2.00,0.00,42.00,2.99,0.56
2.00,0.00,39.00,2.90,0.95
2.00,0.00,35.00,3.13,-1.59
2.00,0.00,30.00,3.05,-1.63
2.00,0.00,36.00,3.19,0.66
2.00,1.00,33.00,3.63,-0.59
2.00,0.00,43.00,2.37,-0.16
2.00,0.00,31.00,2.82,-1.56
2.00,0.00,38.00,3.61,0.66
2.00,1.00,35.00,3.33,0.29
2.00,0.00,34.00,4.11,-0.11
2.00,0.00,40.00,2.70,0.60
2.00,0.00,39.00,3.26,0.68
2.00,1.00,30.00,3.28,1.02
2.00,1.00,42.00,3.24,-1.20
2.00,1.00,37.00,2.87,-0.52
2.00,0.00,33.00,3.19,-0.36
2.00,1.00,39.00,3.38,1.50
2.00,1.00,38.00,2.80,-1.32
2.00,1.00,37.00,3.15,0.98
2.00,1.00,42.00,3.92,0.64
2.00,0.00,35.00,3.30,-0.11
2.00,0.00,29.00,3.46,-0.41
2.00,1.00,24.00,3.25,-0.09
2.00,1.00,48.00,2.94,0.18
2.00,0.00,26.00,2.78,1.23
2.00,1.00,31.00,3.68,-1.76
2.00,0.00,32.00,3.00,1.15
2.00,1.00,38.00,2.67,-0.54
2.00,1.00,31.00,3.03,1.29
2.00,0.00,31.00,3.98,1.44
2.00,1.00,40.00,3.24,-2.21
2.00,0.00,30.00,3.10,-0.36
2.00,0.00,21.00,3.08,-0.03
2.00,0.00,30.00,2.99,-0.87
2.00,1.00,38.00,2.77,-0.49
2.00,1.00,33.00,2.10,0.92
2.00,0.00,16.00,2.57,-1.51
2.00,1.00,43.00,3.09,0.88
2.00,0.00,31.00,3.73,-0.52
2.00,1.00,43.00,2.92,0.13
2.00,1.00,28.00,2.48,-0.05
2.00,0.00,29.00,2.85,1.20
2.00,0.00,29.00,3.10,-0.09
2.00,1.00,30.00,2.52,-0.50
2.00,1.00,32.00,3.23,2.17
2.00,0.00,36.00,2.49,-0.21
2.00,0.00,42.00,3.59,-1.09
2.00,0.00,33.00,3.22,-1.85
2.00,1.00,29.00,3.14,-1.76
2.00,0.00,30.00,3.22,0.23
2.00,1.00,41.00,2.68,-1.66
2.00,1.00,39.00,2.85,0.88
2.00,0.00,34.00,2.82,-1.25
2.00,0.00,35.00,3.91,1.48
2.00,0.00,29.00,2.76,1.57
2.00,0.00,35.00,4.13,0.48
2.00,0.00,35.00,2.83,-0.81
2.00,1.00,21.00,3.16,1.17
2.00,0.00,42.00,3.06,1.06
2.00,0.00,30.00,2.82,1.50
2.00,1.00,34.00,2.22,0.10
2.00,1.00,38.00,3.10,0.93
2.00,1.00,44.00,2.97,0.94
2.00,1.00,24.00,2.44,-1.06
2.00,0.00,28.00,2.65,-1.44
2.00,0.00,29.00,2.32,-2.49
2.00,1.00,37.00,3.39,-0.97
2.00,0.00,32.00,3.61,0.02
2.00,0.00,27.00,2.76,-0.43
2.00,0.00,28.00,3.09,1.77
2.00,0.00,35.00,2.72,0.62
2.00,0.00,32.00,2.98,1.04
2.00,0.00,42.00,3.13,-0.01
2.00,0.00,22.00,3.10,-0.61
2.00,1.00,41.00,3.57,1.20
2.00,0.00,26.00,2.87,-1.80
2.00,1.00,31.00,2.56,-0.26
2.00,1.00,28.00,2.55,1.75
2.00,1.00,33.00,2.44,0.54
2.00,0.00,38.00,3.33,0.52
2.00,1.00,33.00,2.57,3.38
2.00,1.00,22.00,2.11,0.84
2.00,0.00,28.00,3.41,-0.72
2.00,1.00,35.00,3.15,-1.17
2.00,0.00,29.00,3.25,-0.41
2.00,0.00,27.00,2.77,-0.32
2.00,1.00,40.00,3.33,-0.39
2.00,0.00,25.00,2.99,-1.04
2.00,1.00,39.00,3.64,0.32
2.00,1.00,42.00,3.23,-0.72
2.00,0.00,37.00,3.00,0.06
2.00,0.00,37.00,3.45,1.40
2.00,0.00,33.00,3.70,0.01
2.00,0.00,34.00,3.19,0.13
2.00,0.00,38.00,2.90,0.15
2.00,1.00,42.00,2.88,-1.18
2.00,1.00,51.00,2.89,0.89
2.00,0.00,37.00,3.29,0.21
2.00,1.00,40.00,3.24,0.66
2.00,0.00,26.00,2.53,-0.20
2.00,0.00,23.00,2.68,0.48
2.00,1.00,34.00,2.79,0.55
2.00,0.00,45.00,2.97,-0.20
2.00,0.00,42.00,3.30,0.73
2.00,0.00,41.00,2.62,0.58
2.00,1.00,32.00,3.84,-1.21
2.00,1.00,45.00,2.41,0.07
2.00,1.00,41.00,2.83,0.71
2.00,1.00,26.00,2.62,0.60
2.00,0.00,41.00,2.89,-1.91
2.00,1.00,32.00,2.83,0.08
2.00,1.00,39.00,2.70,-0.54
2.00,1.00,37.00,2.32,-0.75
2.00,0.00,31.00,3.04,0.53
2.00,1.00,33.00,3.07,-0.72
2.00,0.00,24.00,3.46,0.82
2.00,1.00,29.00,2.82,0.04
2.00,1.00,29.00,4.00,0.98
2.00,0.00,33.00,3.37,0.45
2.00,1.00,31.00,3.12,-0.07
2.00,1.00,30.00,2.91,1.07
2.00,1.00,26.00,3.38,-0.13
2.00,0.00,33.00,3.30,0.69
2.00,1.00,31.00,3.41,0.45
2.00,1.00,41.00,3.75,-0.58
2.00,1.00,34.00,2.07,-1.30
2.00,1.00,43.00,3.73,-1.43
2.00,0.00,33.00,3.87,0.18
2.00,0.00,36.00,2.94,0.02
2.00,0.00,25.00,2.92,1.43
2.00,1.00,34.00,3.14,0.54
2.00,0.00,32.00,3.05,0.78
2.00,0.00,38.00,3.02,0.25
2.00,1.00,36.00,3.51,-0.51
2.00,1.00,32.00,2.51,0.72
2.00,1.00,30.00,3.06,-0.28
2.00,0.00,39.00,3.13,-0.83
2.00,0.00,31.00,3.45,0.37
2.00,0.00,36.00,3.77,0.56
2.00,0.00,23.00,2.77,1.39
2.00,1.00,35.00,3.12,-0.71
2.00,0.00,48.00,2.51,-2.64
2.00,1.00,38.00,2.59,-0.56
2.00,1.00,39.00,2.87,-0.10
2.00,1.00,30.00,2.40,0.28
2.00,0.00,40.00,2.67,-0.39
2.00,0.00,29.00,2.74,-0.75
2.00,1.00,32.00,3.23,1.23
2.00,0.00,29.00,2.92,-0.24
2.00,0.00,38.00,2.95,0.95
2.00,0.00,31.00,3.39,0.06
2.00,1.00,32.00,3.70,1.04
2.00,1.00,41.00,2.81,-0.28
2.00,0.00,34.00,2.61,0.20
2.00,0.00,41.00,3.26,0.31
2.00,0.00,31.00,3.68,1.38
2.00,0.00,41.00,3.47,0.25
2.00,1.00,25.00,3.52,-1.06
2.00,1.00,34.00,2.67,0.08
2.00,0.00,41.00,3.09,1.02
2.00,1.00,38.00,3.38,-0.44
2.00,1.00,27.00,2.70,0.64
2.00,1.00,39.00,3.25,-0.52
2.00,1.00,24.00,2.33,-1.23
2.00,1.00,40.00,3.22,0.36
2.00,0.00,22.00,2.91,-0.59
2.00,1.00,38.00,2.42,-0.17
2.00,1.00,39.00,2.70,-0.25
2.00,1.00,27.00,3.12,-0.34
2.00,1.00,38.00,2.65,0.06
2.00,1.00,31.00,3.32,-0.44
2.00,1.00,26.00,2.20,0.55
2.00,1.00,35.00,2.99,-0.58
2.00,1.00,31.00,2.68,-1.59
2.00,0.00,25.00,3.14,-1.57
2.00,0.00,26.00,2.31,-0.37
2.00,1.00,34.00,2.60,-0.03
2.00,1.00,36.00,2.86,-2.31
2.00,1.00,41.00,3.42,-0.19
2.00,0.00,38.00,2.89,0.45
2.00,1.00,30.00,2.78,0.26
2.00,0.00,30.00,2.45,0.25
2.00,0.00,34.00,2.64,-0.77
2.00,0.00,39.00,2.93,-0.15
2.00,1.00,34.00,3.29,-0.04
2.00,0.00,30.00,3.36,-0.86
2.00,0.00,24.00,2.78,-0.28
2.00,1.00,36.00,2.68,0.26
2.00,0.00,31.00,3.57,-0.82
2.00,1.00,33.00,3.03,-0.34
2.00,0.00,36.00,3.24,0.28
2.00,1.00,41.00,2.69,1.03
2.00,1.00,26.00,2.00,-1.35
2.00,0.00,34.00,4.08,-1.03
2.00,1.00,40.00,2.61,0.99
2.00,1.00,36.00,3.73,1.94
2.00,1.00,39.00,2.80,0.52
2.00,1.00,24.00,3.11,-0.19
2.00,1.00,32.00,2.70,-1.55
2.00,0.00,27.00,2.93,-0.44
2.00,1.00,30.00,2.63,-0.84
2.00,0.00,36.00,3.53,2.03
2.00,0.00,30.00,2.46,-1.79
2.00,1.00,27.00,2.14,-0.16
2.00,0.00,37.00,2.91,-0.71
2.00,1.00,33.00,2.95,-1.06
2.00,0.00,35.00,3.61,-0.21
2.00,1.00,33.00,1.81,0.45
2.00,0.00,31.00,3.55,-0.24
2.00,1.00,32.00,3.06,1.66
2.00,0.00,28.00,2.64,-1.00
2.00,0.00,33.00,2.61,-0.92
2.00,0.00,26.00,3.28,-0.19
2.00,1.00,28.00,2.99,-1.73
2.00,0.00,32.00,2.45,-0.21
2.00,1.00,33.00,2.80,1.79
2.00,1.00,30.00,2.94,1.16
2.00,1.00,24.00,3.08,-0.34
2.00,0.00,43.00,3.16,0.96
2.00,0.00,27.00,2.58,-1.32
2.00,1.00,30.00,3.19,-0.46
2.00,0.00,27.00,3.28,0.27
2.00,1.00,27.00,2.33,-1.95
2.00,1.00,37.00,3.12,-0.84
2.00,0.00,39.00,3.69,0.03
2.00,0.00,30.00,2.37,-0.86
2.00,0.00,35.00,3.26,-0.51
2.00,0.00,31.00,3.56,-1.04
2.00,1.00,32.00,3.15,-0.53
2.00,1.00,38.00,3.74,2.14
2.00,1.00,35.00,3.50,1.67
2.00,1.00,37.00,3.21,0.15
2.00,1.00,37.00,2.03,-1.25
2.00,1.00,34.00,2.45,-0.29
2.00,1.00,35.00,3.04,1.79
2.00,0.00,23.00,2.64,-0.62
2.00,0.00,20.00,3.00,-0.26
2.00,1.00,26.00,2.78,2.18
2.00,0.00,33.00,2.65,-0.21
2.00,0.00,28.00,2.87,0.35
2.00,1.00,30.00,2.87,0.20
2.00,1.00,44.00,3.65,0.72
2.00,1.00,32.00,3.60,1.37
2.00,1.00,38.00,3.69,0.93
2.00,0.00,30.00,2.76,-0.14
2.00,1.00,25.00,2.88,0.13
2.00,1.00,29.00,2.91,0.23
2.00,1.00,33.00,2.54,-0.75
2.00,0.00,27.00,2.82,-1.70
2.00,0.00,29.00,3.48,-0.27
2.00,1.00,34.00,3.18,1.35
2.00,1.00,33.00,3.27,-1.54
2.00,1.00,34.00,2.86,-0.12
2.00,1.00,30.00,2.62,-0.78
2.00,0.00,28.00,3.33,-0.10
2.00,0.00,27.00,2.70,0.53
2.00,0.00,35.00,3.26,-0.96
2.00,0.00,23.00,2.03,0.81
2.00,1.00,39.00,3.37,0.84
2.00,0.00,26.00,2.51,-0.81
2.00,1.00,24.00,3.18,-1.49
2.00,1.00,22.00,3.04,-1.05
2.00,0.00,35.00,3.54,-0.70
2.00,1.00,30.00,3.37,0.36
2.00,0.00,36.00,2.90,0.49
2.00,0.00,23.00,2.59,0.31
2.00,0.00,27.00,2.90,-0.57
2.00,1.00,31.00,3.13,0.00
2.00,1.00,36.00,2.90,-0.32
2.00,1.00,23.00,2.24,-0.48
2.00,1.00,37.00,3.98,-0.51
2.00,1.00,29.00,3.17,1.14
2.00,1.00,36.00,3.94,-0.53
2.00,1.00,19.00,2.95,0.32
2.00,1.00,37.00,2.64,-0.10
2.00,1.00,40.00,3.24,-0.54
2.00,1.00,30.00,3.11,2.14
2.00,1.00,29.00,2.84,-0.57
2.00,0.00,32.00,3.48,-1.15
2.00,1.00,27.00,2.68,-1.62
2.00,1.00,37.00,2.87,-0.40
2.00,0.00,39.00,3.11,1.15
2.00,0.00,30.00,3.23,-0.64
2.00,0.00,28.00,2.95,0.20
2.00,1.00,32.00,2.64,-0.33
2.00,1.00,41.00,2.93,-0.97
2.00,1.00,37.00,3.15,0.30
2.00,1.00,34.00,3.52,-1.61
2.00,1.00,45.00,2.69,0.32
2.00,1.00,33.00,1.96,-0.88
2.00,0.00,39.00,3.65,0.81
2.00,1.00,41.00,3.08,0.70
2.00,1.00,39.00,3.00,-1.08
2.00,1.00,35.00,3.71,-0.91
2.00,0.00,34.00,2.70,-0.14
2.00,0.00,34.00,2.16,0.10
2.00,0.00,33.00,3.48,0.04
2.00,0.00,35.00,3.22,-1.14
2.00,0.00,37.00,3.40,-0.43
2.00,0.00,26.00,2.68,-0.87
2.00,0.00,36.00,2.67,-0.42
2.00,1.00,31.00,2.65,-1.51
2.00,0.00,34.00,3.10,0.43
2.00,0.00,42.00,3.63,1.55
2.00,1.00,34.00,3.15,-1.03
2.00,0.00,33.00,3.39,1.29
2.00,0.00,32.00,2.80,-1.47
2.00,1.00,36.00,2.98,0.39
2.00,1.00,29.00,3.75,1.47
2.00,0.00,29.00,2.23,-0.11
2.00,1.00,35.00,2.89,-0.15
2.00,1.00,32.00,3.34,-0.49
2.00,0.00,52.00,3.35,-1.27
2.00,0.00,43.00,3.28,-0.39
2.00,1.00,21.00,3.05,-0.29
2.00,0.00,24.00,2.75,0.01
2.00,0.00,35.00,3.43,-0.22
2.00,1.00,35.00,2.24,0.87
2.00,0.00,32.00,3.16,0.56
2.00,1.00,27.00,2.83,1.42
2.00,1.00,19.00,2.28,-1.08
2.00,0.00,29.00,3.07,-1.48
2.00,1.00,35.00,3.06,0.36
2.00,0.00,33.00,3.02,-0.02
2.00,1.00,35.00,2.99,0.39
2.00,1.00,34.00,3.12,0.70
2.00,1.00,24.00,2.51,0.87
2.00,0.00,21.00,2.68,0.57
2.00,1.00,30.00,2.85,-1.59
2.00,0.00,31.00,3.15,-0.37
2.00,0.00,42.00,3.40,0.00
2.00,0.00,39.00,3.10,0.17
2.00,0.00,32.00,3.15,1.80
2.00,1.00,39.00,3.12,-0.38
2.00,0.00,39.00,2.65,0.25
2.00,0.00,29.00,2.57,-0.53
2.00,1.00,30.00,2.64,-0.99
2.00,1.00,39.00,2.94,-0.41
2.00,1.00,34.00,2.67,-0.00
2.00,1.00,22.00,2.37,-0.52
2.00,0.00,50.00,2.90,0.31
2.00,1.00,47.00,2.96,1.95
2.00,1.00,26.00,2.35,-0.60
2.00,0.00,41.00,2.65,1.47
2.00,0.00,29.00,3.54,0.32
2.00,0.00,29.00,3.78,-0.38
2.00,1.00,38.00,2.46,-0.40
2.00,1.00,37.00,3.12,2.73
2.00,1.00,27.00,2.88,0.19
2.00,1.00,50.00,3.55,0.65
2.00,1.00,30.00,2.36,1.22
2.00,1.00,30.00,3.02,1.52
2.00,0.00,37.00,3.86,-0.63
2.00,0.00,36.00,3.52,0.53
2.00,0.00,30.00,3.04,0.54
2.00,0.00,47.00,3.25,-0.21
2.00,0.00,31.00,2.39,-0.38
2.00,1.00,24.00,3.10,-0.37
2.00,1.00,39.00,2.86,-0.32
2.00,0.00,37.00,3.07,0.45
2.00,0.00,24.00,3.37,2.93
2.00,1.00,36.00,2.58,-0.28
2.00,1.00,35.00,2.94,-0.86
2.00,1.00,35.00,2.48,1.08
2.00,1.00,34.00,2.75,-0.72
2.00,0.00,38.00,4.02,-1.83
2.00,0.00,34.00,3.76,2.07
2.00,1.00,31.00,2.63,0.26
2.00,1.00,38.00,3.02,-0.52
2.00,0.00,37.00,3.56,-0.69
2.00,1.00,23.00,2.81,1.63
2.00,1.00,38.00,2.60,1.26
2.00,0.00,35.00,2.72,0.02
2.00,0.00,26.00,3.86,-1.54
2.00,0.00,33.00,3.41,-0.39
2.00,1.00,27.00,2.70,0.97
2.00,1.00,40.00,3.23,-1.32
2.00,0.00,48.00,2.99,-2.71
2.00,0.00,22.00,2.27,-0.94
2.00,1.00,30.00,3.14,0.98
2.00,1.00,30.00,3.46,-0.64
2.00,0.00,23.00,2.93,-0.01
2.00,1.00,42.00,2.75,-2.18
2.00,0.00,26.00,3.14,3.33
2.00,0.00,34.00,2.82,-0.38
2.00,0.00,33.00,2.25,-0.19
2.00,0.00,30.00,2.71,-1.21
2.00,0.00,25.00,2.66,0.98
2.00,0.00,30.00,2.69,-0.44
2.00,1.00,30.00,2.25,0.01
2.00,0.00,35.00,3.00,0.48
2.00,0.00,30.00,3.12,0.10
2.00,1.00,39.00,3.11,0.64
2.00,0.00,34.00,3.44,1.35
2.00,0.00,34.00,3.68,-0.13
2.00,1.00,29.00,3.07,0.47
2.00,0.00,31.00,2.58,0.02
2.00,0.00,32.00,2.90,1.50
2.00,1.00,27.00,2.53,0.62
2.00,1.00,30.00,2.66,0.73
2.00,1.00,36.00,3.06,1.33
2.00,1.00,37.00,3.54,-0.24
2.00,0.00,35.00,2.54,0.94
2.00,0.00,26.00,3.04,-0.63
2.00,0.00,35.00,3.55,1.12
2.00,1.00,37.00,2.95,-0.53
2.00,1.00,21.00,2.42,0.41
2.00,0.00,31.00,2.75,-0.41
2.00,1.00,29.00,2.73,0.34
2.00,1.00,34.00,2.24,-0.05
2.00,0.00,24.00,3.13,0.29
2.00,1.00,34.00,2.33,1.60
2.00,1.00,43.00,2.79,-1.43
2.00,1.00,39.00,3.25,-1.08
2.00,0.00,27.00,3.61,-0.11
2.00,1.00,35.00,3.13,0.91
2.00,0.00,27.00,2.74,0.43
2.00,0.00,31.00,2.84,0.27
2.00,1.00,32.00,2.79,0.17
2.00,1.00,31.00,2.39,0.97
2.00,0.00,40.00,3.51,0.53
2.00,1.00,32.00,2.48,0.16
2.00,1.00,35.00,3.45,1.01
2.00,1.00,34.00,2.63,0.62
2.00,1.00,41.00,3.41,0.63
2.00,0.00,24.00,3.02,0.14
2.00,0.00,28.00,3.11,0.62
2.00,1.00,38.00,2.73,0.71
2.00,1.00,42.00,2.99,-1.03
2.00,1.00,20.00,2.49,0.62
2.00,1.00,31.00,3.21,0.71
2.00,0.00,35.00,2.48,0.23
2.00,1.00,41.00,2.99,0.10
2.00,1.00,32.00,3.24,-0.82
2.00,1.00,43.00,3.22,0.67
2.00,0.00,26.00,2.53,-1.18
2.00,1.00,40.00,3.00,-1.27
2.00,1.00,37.00,2.47,0.61
2.00,0.00,31.00,4.07,-0.03
2.00,1.00,27.00,3.46,1.64
2.00,0.00,35.00,3.83,1.27
2.00,1.00,37.00,2.96,-0.27
2.00,1.00,36.00,2.83,0.53
2.00,0.00,38.00,2.81,1.57
2.00,0.00,33.00,3.27,0.68
2.00,1.00,37.00,2.36,-0.31
2.00,1.00,38.00,2.84,0.62
2.00,0.00,30.00,3.01,0.88
2.00,1.00,33.00,2.74,-1.01
2.00,0.00,29.00,3.12,0.11
2.00,1.00,37.00,3.44,0.14
2.00,1.00,32.00,2.87,0.61
2.00,0.00,47.00,3.09,-0.12
2.00,0.00,28.00,3.03,0.02
2.00,1.00,32.00,2.43,-0.54
2.00,0.00,36.00,3.05,0.06
2.00,1.00,40.00,3.80,-0.88
2.00,1.00,27.00,3.26,0.46
2.00,1.00,34.00,3.34,-2.10
2.00,1.00,27.00,3.03,1.78
2.00,0.00,34.00,3.43,0.77
2.00,1.00,30.00,3.26,-0.83
2.00,1.00,26.00,3.35,0.12
2.00,0.00,37.00,3.24,1.60
2.00,1.00,35.00,2.97,-0.30
2.00,0.00,33.00,2.95,2.12
2.00,0.00,32.00,3.18,0.63
2.00,1.00,34.00,2.90,-0.90
2.00,0.00,29.00,3.05,-1.14
2.00,0.00,34.00,3.27,0.67
2.00,0.00,27.00,2.83,-0.93
2.00,1.00,21.00,2.38,-0.88
2.00,0.00,33.00,3.27,1.08
2.00,1.00,33.00,2.64,-0.34
2.00,1.00,30.00,2.00,-0.43
2.00,1.00,39.00,2.61,0.55
2.00,1.00,39.00,2.46,0.58
2.00,0.00,23.00,3.33,2.55
2.00,1.00,37.00,3.36,-0.38
2.00,0.00,23.00,3.28,-2.63
2.00,1.00,36.00,2.91,-0.67
2.00,0.00,32.00,2.87,-0.00
2.00,1.00,36.00,2.56,-0.36
2.00,1.00,44.00,2.71,0.88
2.00,0.00,35.00,3.11,0.36
2.00,0.00,38.00,3.65,-0.19
2.00,1.00,34.00,2.79,-2.07
2.00,0.00,30.00,3.80,1.06
2.00,1.00,33.00,3.14,-0.46
2.00,1.00,41.00,3.11,0.19
2.00,0.00,35.00,3.05,1.05
2.00,1.00,36.00,2.97,-0.57
2.00,1.00,33.00,2.63,-0.22
2.00,1.00,25.00,2.14,-1.25
2.00,0.00,40.00,3.45,0.08
2.00,1.00,28.00,2.42,-0.07
2.00,0.00,28.00,3.71,-0.01
2.00,0.00,32.00,3.43,-1.73
2.00,0.00,34.00,2.99,1.82
2.00,0.00,29.00,2.47,-1.13
2.00,0.00,51.00,3.30,0.43
2.00,1.00,30.00,3.03,1.07
2.00,1.00,44.00,3.86,1.11
2.00,1.00,37.00,2.85,0.66
2.00,0.00,28.00,3.18,-0.62
2.00,1.00,18.00,3.24,-2.17
2.00,0.00,34.00,3.09,-1.23
2.00,0.00,34.00,2.66,-0.71
2.00,0.00,32.00,3.43,-0.89
2.00,1.00,36.00,3.33,0.69
2.00,0.00,26.00,2.72,0.74
2.00,0.00,34.00,2.72,0.75
2.00,1.00,43.00,3.01,-0.75
2.00,0.00,25.00,3.44,-0.43
2.00,0.00,45.00,3.22,0.68
2.00,1.00,42.00,3.51,0.19
2.00,0.00,25.00,3.14,2.33
2.00,0.00,31.00,2.60,1.07
2.00,1.00,42.00,2.97,0.02
2.00,1.00,23.00,2.62,-1.78
2.00,1.00,26.00,2.73,-0.45
2.00,0.00,35.00,2.83,-0.29
2.00,0.00,33.00,3.36,0.05
2.00,0.00,40.00,3.27,0.48
2.00,1.00,35.00,2.52,0.59
2.00,1.00,31.00,2.99,-1.01
2.00,0.00,24.00,3.11,-0.72
2.00,0.00,32.00,3.48,0.17
2.00,0.00,36.00,2.94,-0.38
2.00,0.00,29.00,2.66,1.01
2.00,1.00,21.00,2.84,-0.21
2.00,0.00,23.00,2.62,-0.57
2.00,1.00,41.00,3.53,-0.74
2.00,1.00,25.00,2.96,-1.46
2.00,1.00,39.00,3.65,-0.80
2.00,0.00,35.00,3.05,0.63
2.00,0.00,22.00,2.97,-0.55
2.00,1.00,32.00,2.58,-0.08
2.00,0.00,26.00,3.07,-0.29
2.00,1.00,35.00,2.64,0.66
2.00,1.00,34.00,3.80,0.06
2.00,1.00,33.00,2.56,0.01
2.00,0.00,26.00,2.99,1.67
2.00,1.00,26.00,3.04,0.84
2.00,0.00,29.00,3.00,0.43
2.00,1.00,44.00,3.35,0.15
2.00,1.00,40.00,2.80,1.20
2.00,1.00,36.00,3.30,-0.44
2.00,1.00,37.00,2.70,0.56
2.00,1.00,34.00,3.02,-0.77
2.00,0.00,40.00,2.99,-0.09
2.00,1.00,31.00,2.48,-0.42
2.00,1.00,40.00,2.76,1.02
2.00,0.00,33.00,2.34,0.75
2.00,0.00,21.00,2.54,0.68
2.00,1.00,32.00,2.66,-0.77
2.00,0.00,37.00,2.80,-0.50
2.00,1.00,34.00,2.93,1.15
2.00,0.00,41.00,3.30,0.45
2.00,0.00,38.00,3.28,-0.23
2.00,0.00,37.00,3.27,-0.30
2.00,0.00,30.00,2.72,0.16
2.00,1.00,41.00,3.53,-0.09
2.00,0.00,38.00,2.92,-0.04
2.00,1.00,30.00,2.50,-3.38
2.00,1.00,35.00,3.07,-0.40
2.00,0.00,28.00,3.04,-1.30
2.00,0.00,49.00,3.57,-0.25
2.00,1.00,36.00,3.34,-1.46
2.00,1.00,38.00,2.93,-0.28
2.00,1.00,31.00,2.75,2.39
2.00,0.00,33.00,3.11,-0.33
2.00,1.00,25.00,3.41,-0.64
2.00,1.00,37.00,3.06,-0.19
2.00,1.00,25.00,3.29,0.78
2.00,1.00,30.00,2.49,0.76
2.00,1.00,29.00,2.00,0.14
2.00,0.00,36.00,3.01,0.05
2.00,0.00,35.00,3.19,-2.17
2.00,1.00,26.00,2.45,2.69
2.00,0.00,29.00,3.03,-0.74
2.00,1.00,25.00,3.27,0.42
2.00,1.00,31.00,2.79,-0.99
2.00,0.00,35.00,3.01,0.87
2.00,0.00,33.00,2.78,-0.24
2.00,0.00,35.00,1.89,-1.16
2.00,0.00,30.00,3.02,0.47
2.00,0.00,26.00,3.30,1.57
2.00,1.00,27.00,2.39,-0.30
2.00,0.00,35.00,3.07,0.35
2.00,1.00,25.00,3.62,0.86
2.00,0.00,29.00,2.61,1.26
2.00,1.00,22.00,2.72,-0.03
2.00,1.00,27.00,3.24,-0.40
2.00,0.00,33.00,2.48,-0.59
2.00,1.00,39.00,2.11,-0.69
2.00,0.00,34.00,3.38,-1.20
2.00,1.00,35.00,3.19,1.00
2.00,0.00,28.00,3.31,-1.36
2.00,0.00,26.00,2.91,-0.05
2.00,0.00,36.00,2.43,0.86
2.00,0.00,37.00,3.62,1.33
2.00,1.00,47.00,2.93,0.00
2.00,1.00,35.00,3.21,-0.07
2.00,0.00,31.00,3.39,0.28
2.00,1.00,43.00,3.31,0.66
2.00,0.00,24.00,1.86,-2.22
2.00,1.00,32.00,2.84,-0.90
2.00,0.00,33.00,2.97,0.03
2.00,0.00,35.00,3.21,-0.87
2.00,0.00,27.00,2.87,0.20
2.00,0.00,30.00,3.10,-0.08
2.00,0.00,26.00,3.64,-0.07
2.00,1.00,26.00,2.49,-0.47
2.00,1.00,34.00,3.12,0.42
2.00,1.00,35.00,1.98,-0.76
2.00,0.00,37.00,3.53,0.09
2.00,0.00,26.00,3.72,-1.82
